Game ID,Adamant Angel_Deck_A_Count,Bold Battalion_Deck_A_Count,Dreadwing  Darkfire Dragon_Deck_A_Count,Evil Emperor Eschatonus  Empyreal Envoy of Entropic End_Deck_A_Count,Gentle Guardian_Deck_A_Count,Hired Hooligan_Deck_A_Count,Kindly Knight_Deck_A_Count,Lilac Lotus_Deck_A_Count,Murderous Minotaur_Deck_A_Count,Patchy Pirate_Deck_A_Count,Sword of Shadows_Deck_A_Count,Victoriana  Valkyrie of Valor_Deck_A_Count,Adamant Angel_Deck_B_Count,Bold Battalion_Deck_B_Count,Dreadwing  Darkfire Dragon_Deck_B_Count,Evil Emperor Eschatonus  Empyreal Envoy of Entropic End_Deck_B_Count,Gentle Guardian_Deck_B_Count,Hired Hooligan_Deck_B_Count,Kindly Knight_Deck_B_Count,Lilac Lotus_Deck_B_Count,Murderous Minotaur_Deck_B_Count,Patchy Pirate_Deck_B_Count,Sword of Shadows_Deck_B_Count,Victoriana  Valkyrie of Valor_Deck_B_Count,Deck_A_Win?,Deck_B_Win?
0,0,0,3,1,1,0,0,1,0,0,3,3,2,0,0,2,0,3,3,0,0,2,0,0,0,1
1,3,0,1,1,1,0,1,1,1,1,2,0,0,3,0,0,1,0,2,1,1,1,2,1,0,1
2,0,0,3,1,0,0,1,3,2,1,1,0,0,2,0,1,2,1,0,0,4,2,0,0,1,0
3,3,1,0,2,0,0,0,4,0,0,2,0,0,0,3,2,0,4,1,0,0,0,1,1,0,1
4,1,2,0,2,2,0,3,0,0,2,0,0,0,0,0,0,2,2,2,0,0,5,1,0,1,0
5,0,0,1,1,2,0,1,1,3,0,0,3,0,0,1,1,0,2,1,1,0,3,3,0,0,1
6,0,0,1,3,3,0,2,3,0,0,0,0,1,3,0,0,0,0,0,0,0,0,1,7,1,0
7,1,1,1,3,0,0,2,0,1,1,1,1,2,0,0,0,0,3,3,1,0,0,3,0,1,0
8,0,0,0,0,2,1,0,0,1,2,3,3,0,1,1,5,0,1,0,0,0,3,0,1,0,1
9,0,1,0,0,0,1,0,1,0,1,2,6,0,1,2,0,0,0,3,2,1,1,2,0,0,1
10,1,0,2,1,0,7,0,0,1,0,0,0,2,2,2,0,1,2,0,3,0,0,0,0,0,1
11,1,1,0,4,4,0,0,1,0,0,0,1,2,0,0,1,2,0,0,0,0,0,7,0,1,0
12,1,0,2,0,0,2,3,1,2,0,1,0,0,1,1,1,1,1,2,3,0,0,1,1,0,1
13,0,0,0,1,1,2,3,0,2,0,1,2,0,1,2,2,0,0,0,6,0,0,1,0,1,0
14,0,1,0,0,1,0,3,2,0,2,2,1,0,0,0,0,6,1,0,3,0,1,1,0,0,1
15,1,1,0,1,0,1,1,0,5,0,1,1,3,0,0,0,0,1,6,0,1,0,0,1,0,1
16,1,2,1,0,0,2,2,1,3,0,0,0,3,1,0,1,1,0,0,3,0,0,1,2,0,1
17,2,0,2,0,0,4,0,0,0,1,2,1,4,0,1,0,1,0,2,2,1,0,0,1,1,0
18,0,1,1,0,2,0,0,3,1,1,3,0,0,0,2,1,0,1,0,1,5,1,1,0,1,0
19,3,3,2,3,0,0,0,0,0,0,1,0,2,0,1,3,2,0,1,1,0,0,2,0,0,1
20,0,2,1,2,2,1,0,2,1,1,0,0,0,0,0,8,0,1,0,0,0,0,3,0,1,0
21,2,0,0,0,0,0,0,1,1,6,0,2,1,4,0,0,1,2,1,2,0,1,0,0,0,1
22,0,1,2,0,0,0,0,3,0,2,2,2,0,0,0,0,2,0,4,0,1,0,0,5,1,0
23,1,1,0,0,0,2,1,0,2,1,1,3,5,2,0,2,0,1,0,2,0,0,0,0,1,0
24,0,0,1,0,0,0,3,0,2,1,5,0,0,0,0,3,0,0,1,2,4,1,1,0,0,1
25,2,3,0,0,0,2,1,0,0,1,1,2,0,0,1,0,3,0,0,1,1,1,1,4,1,0
26,0,1,2,0,0,0,1,1,1,1,5,0,3,0,1,0,0,2,0,1,1,2,1,1,1,0
27,2,2,0,1,0,0,1,2,4,0,0,0,2,0,0,6,1,0,0,0,0,1,1,1,1,0
28,2,1,0,0,1,1,1,6,0,0,0,0,0,1,0,0,0,4,3,1,0,2,0,1,0,1
29,2,0,0,1,0,1,3,1,1,1,0,2,0,1,0,0,0,0,8,1,0,0,2,0,1,0
30,0,1,2,4,0,0,3,0,0,0,0,2,0,2,1,0,2,2,1,0,1,3,0,0,0,1
31,0,2,2,0,0,1,1,1,2,2,1,0,4,0,0,1,3,1,0,2,0,0,0,1,0,1
32,1,0,1,3,1,1,2,1,0,1,1,0,0,0,0,1,0,0,0,3,4,0,0,4,1,0
33,0,0,0,0,0,2,4,0,3,1,0,2,0,10,0,1,0,1,0,0,0,0,0,0,1,0
34,0,2,3,2,0,0,0,0,0,1,1,3,2,1,0,1,4,0,0,1,1,0,2,0,0,1
35,0,1,0,0,2,1,4,0,3,1,0,0,0,0,2,0,0,3,1,2,0,1,3,0,0,1
36,1,1,1,0,1,1,0,1,2,0,0,4,0,2,0,0,0,2,2,2,1,1,0,2,0,1
37,0,0,0,3,0,0,4,3,0,0,0,2,1,0,1,0,3,1,0,3,0,2,1,0,1,0
38,0,0,3,0,0,2,2,1,0,2,2,0,0,1,2,1,2,0,3,0,0,1,1,1,1,0
39,2,1,3,1,1,0,0,2,0,0,2,0,1,4,0,0,1,1,1,1,0,2,0,1,1,0
40,0,0,0,3,1,0,0,6,0,1,0,1,0,0,0,1,0,3,0,0,0,5,1,2,1,0
41,0,2,0,0,2,5,1,0,0,1,0,1,0,2,0,2,2,1,1,2,0,1,1,0,0,1
42,0,4,1,3,0,0,0,1,0,0,3,0,0,0,0,1,4,1,1,3,0,2,0,0,0,1
43,0,0,0,0,0,0,1,1,2,3,0,5,1,2,2,0,4,0,0,1,1,1,0,0,0,1
44,2,0,0,1,1,0,4,1,1,0,2,0,0,0,0,1,4,1,0,1,5,0,0,0,1,0
45,0,2,0,2,1,0,0,0,0,5,1,1,1,0,1,0,0,0,3,1,0,2,2,2,1,0
46,2,0,0,2,0,1,1,1,2,1,2,0,2,1,0,4,0,4,0,0,0,1,0,0,1,0
47,0,3,0,1,1,4,0,0,1,0,1,1,0,1,0,1,3,2,0,1,2,1,0,1,0,1
48,0,0,0,0,2,1,0,0,0,6,3,0,1,1,0,2,1,1,0,1,2,0,1,2,0,1
49,3,0,1,0,1,3,2,0,0,1,0,1,2,0,1,0,0,1,0,0,3,4,1,0,1,0
50,2,0,3,0,2,0,0,0,0,2,0,3,2,3,3,0,1,0,2,1,0,0,0,0,0,1
51,0,1,0,0,2,2,0,4,0,1,2,0,3,1,1,1,2,0,0,1,1,1,0,1,0,1
52,2,1,2,0,1,1,1,2,1,1,0,0,0,2,6,0,0,0,0,0,1,3,0,0,0,1
53,1,0,1,0,2,0,1,2,0,3,0,2,0,0,0,4,1,4,0,0,0,2,0,1,0,1
54,1,4,1,0,0,0,2,1,1,0,2,0,1,1,0,5,0,0,1,0,0,1,2,1,0,1
55,2,0,1,0,1,0,1,4,2,0,0,1,0,3,3,4,0,0,0,0,0,0,0,2,1,0
56,3,2,1,0,2,0,0,2,0,0,1,1,0,1,0,0,2,3,2,0,0,1,1,2,1,0
57,0,0,0,0,0,0,3,0,6,1,1,1,0,0,0,2,0,6,3,0,1,0,0,0,0,1
58,0,1,0,5,2,0,0,1,1,2,0,0,0,1,4,0,2,1,1,1,0,1,1,0,0,1
59,0,0,0,0,1,0,0,4,1,3,2,1,1,0,0,3,1,0,3,0,1,1,0,2,1,0
60,0,0,0,4,0,0,0,3,2,1,1,1,1,1,0,0,2,1,0,1,1,3,0,2,0,1
61,0,2,2,0,0,0,1,0,1,0,5,1,0,1,4,0,0,0,2,2,0,0,0,3,0,1
62,0,1,0,0,0,0,0,5,1,1,2,2,0,1,0,1,0,0,0,0,1,3,4,2,1,0
63,3,1,2,1,1,0,2,0,1,1,0,0,0,0,6,0,0,1,0,1,3,1,0,0,0,1
64,1,1,0,4,1,1,1,3,0,0,0,0,0,0,0,1,0,4,0,0,3,2,1,1,1,0
65,0,0,4,2,0,0,1,0,0,3,0,2,1,0,2,1,0,0,1,0,6,0,0,1,1,0
66,2,0,0,0,0,0,1,5,2,1,0,1,0,5,1,0,0,0,5,0,1,0,0,0,1,0
67,0,0,0,4,1,1,0,1,0,0,3,2,4,0,1,0,2,0,3,1,1,0,0,0,1,0
68,1,0,1,4,2,1,0,1,0,0,2,0,1,2,0,4,0,1,0,1,0,0,3,0,0,1
69,5,1,2,0,0,1,1,0,0,1,1,0,2,0,0,3,3,0,0,3,1,0,0,0,0,1
70,0,1,1,1,0,1,0,0,0,3,0,5,1,0,2,2,5,1,0,0,1,0,0,0,1,0
71,2,1,0,2,0,0,0,0,0,5,2,0,2,1,1,1,0,0,0,0,1,2,4,0,1,0
72,0,1,0,2,0,1,0,0,1,6,0,1,3,0,2,0,0,0,2,2,0,0,2,1,1,0
73,0,1,0,0,1,0,4,2,0,3,1,0,3,1,1,1,0,0,1,1,4,0,0,0,1,0
74,2,0,0,1,2,3,1,0,0,0,1,2,0,1,0,2,2,3,0,0,1,0,2,1,0,1
75,1,0,1,2,0,0,6,0,1,1,0,0,0,2,2,0,0,2,2,1,2,0,0,1,1,0
76,1,0,0,0,2,0,2,3,0,2,1,1,6,1,2,0,1,0,0,0,0,1,0,1,0,1
77,0,2,0,1,2,0,0,0,0,2,4,1,0,1,1,0,0,2,0,2,1,3,0,2,1,0
78,0,0,1,0,1,5,0,1,0,4,0,0,4,0,2,1,1,2,0,0,0,1,0,1,1,0
79,0,0,1,2,0,1,2,3,0,1,0,2,3,0,0,0,1,1,1,0,4,0,1,1,1,0
80,4,1,0,0,0,1,0,0,4,0,2,0,1,0,4,0,0,2,2,0,2,0,1,0,0,1
81,1,0,0,0,0,0,1,4,1,4,1,0,4,0,0,0,1,0,3,0,3,0,1,0,0,1
82,0,3,1,1,1,0,0,1,2,0,2,1,1,2,0,0,0,3,0,0,1,0,4,1,0,1
83,3,4,0,2,1,0,0,0,0,0,1,1,1,4,2,0,1,2,0,0,0,0,1,1,0,1
84,0,1,0,0,1,2,0,2,1,0,2,3,0,2,0,6,0,0,1,3,0,0,0,0,1,0
85,0,0,1,5,0,1,0,1,1,2,1,0,0,0,2,0,5,2,0,0,0,0,3,0,1,0
86,2,0,3,0,0,0,0,1,3,2,0,1,0,1,0,2,0,0,2,1,1,3,0,2,0,1
87,3,0,0,3,0,1,0,3,0,1,0,1,0,0,0,0,1,5,0,1,4,0,0,1,1,0
88,0,1,0,0,2,0,1,3,0,2,1,2,0,0,0,0,2,1,1,2,0,2,3,1,1,0
89,0,0,0,0,1,4,6,0,0,1,0,0,3,1,0,0,1,0,0,0,1,0,3,3,0,1
90,2,0,2,0,0,2,1,2,0,1,2,0,0,0,1,1,4,0,2,0,3,1,0,0,1,0
91,2,0,0,0,3,4,0,1,1,0,1,0,2,1,1,0,1,1,2,0,0,4,0,0,0,1
92,3,0,0,1,0,1,2,2,3,0,0,0,0,1,0,0,0,3,2,3,3,0,0,0,0,1
93,1,1,0,0,1,3,2,1,0,0,2,1,0,0,1,2,5,0,3,0,0,0,0,1,1,0
94,1,1,0,0,2,0,4,1,0,2,0,1,3,0,5,0,0,0,0,0,1,0,3,0,1,0
95,1,0,1,0,0,0,2,1,2,5,0,0,1,0,4,3,1,3,0,0,0,0,0,0,0,1
96,0,0,3,0,2,1,4,2,0,0,0,0,1,0,1,0,0,2,0,0,2,4,2,0,0,1
97,0,5,1,2,1,0,1,0,0,1,1,0,5,0,0,2,1,0,2,0,0,0,0,2,1,0
98,0,0,1,3,0,0,2,0,1,5,0,0,0,1,0,1,4,2,3,0,0,0,0,1,0,1
99,0,4,0,1,1,1,0,3,0,0,1,1,0,0,2,0,1,1,1,3,0,2,1,1,0,1
100,0,2,3,0,4,0,0,2,0,1,0,0,1,0,1,0,0,1,1,3,0,1,0,4,0,1
101,0,4,0,1,0,3,0,2,2,0,0,0,0,1,0,0,2,4,0,0,2,1,0,2,1,0
102,0,3,0,2,2,0,0,0,0,1,3,1,0,1,3,1,2,1,1,1,0,1,0,1,0,1
103,2,0,0,4,3,0,2,0,1,0,0,0,2,4,3,0,1,0,0,0,1,1,0,0,1,0
104,0,2,0,2,2,2,2,1,1,0,0,0,0,1,0,0,1,0,1,4,2,0,1,2,1,0
105,0,3,0,1,1,2,0,0,0,0,4,1,4,0,0,0,1,0,3,1,0,0,3,0,1,0
106,0,2,0,0,0,3,1,1,1,1,3,0,1,5,1,2,0,1,0,0,0,1,1,0,0,1
107,0,5,0,0,2,0,1,1,2,1,0,0,0,1,1,0,0,0,0,0,6,0,3,1,0,1
108,0,1,1,0,2,1,2,0,1,2,2,0,0,0,0,0,0,1,0,4,2,5,0,0,1,0
109,1,1,0,1,0,1,0,0,0,2,5,1,0,0,0,0,4,0,1,5,1,1,0,0,1,0
110,1,1,0,1,0,1,0,0,5,0,3,0,2,2,4,0,1,0,1,1,0,0,0,1,1,0
111,1,0,1,1,1,1,1,4,0,1,0,1,0,6,0,1,1,1,0,0,0,3,0,0,0,1
112,2,1,4,2,1,1,0,0,0,0,1,0,1,1,0,1,2,0,2,0,2,0,3,0,1,0
113,1,1,1,4,1,0,0,1,1,0,2,0,0,0,4,0,2,1,0,0,0,1,0,4,1,0
114,2,0,3,1,1,0,0,0,0,1,3,1,1,3,0,1,0,0,0,0,3,1,2,1,1,0
115,4,1,1,0,0,0,0,2,0,2,0,2,2,2,0,0,0,4,1,0,2,1,0,0,1,0
116,0,0,0,6,3,1,0,0,0,2,0,0,0,0,0,4,1,0,0,5,1,0,0,1,0,1
117,1,0,2,1,1,0,2,0,2,0,3,0,0,1,2,4,2,0,0,0,1,0,2,0,0,1
118,0,3,0,0,1,0,1,3,4,0,0,0,0,1,2,1,0,2,5,1,0,0,0,0,1,0
119,1,0,0,0,4,1,1,1,1,1,0,2,3,1,2,3,0,1,0,1,1,0,0,0,0,1
120,1,2,0,1,0,0,3,0,1,3,1,0,0,1,0,3,0,0,1,2,0,1,3,1,1,0
121,0,1,1,0,1,0,0,1,5,0,3,0,2,0,0,0,0,0,1,6,1,1,1,0,1,0
122,2,2,0,2,1,0,2,0,1,0,0,2,0,1,3,0,2,0,2,1,2,0,0,1,0,1
123,1,2,3,0,0,0,0,1,0,2,3,0,0,5,0,0,1,0,2,0,0,2,1,1,0,1
124,0,1,0,1,1,3,2,2,0,0,0,2,0,2,1,0,0,1,2,2,3,1,0,0,1,0
125,5,0,1,0,1,0,0,2,0,1,2,0,1,0,1,1,0,1,1,3,2,0,0,2,0,1
126,2,2,2,0,1,0,4,1,0,0,0,0,2,0,0,2,2,1,0,5,0,0,0,0,0,1
127,1,2,1,0,0,0,0,2,2,0,2,2,0,0,0,1,0,0,5,0,2,2,0,2,1,0
128,0,0,3,1,1,0,3,0,2,0,2,0,3,0,0,0,1,3,1,2,1,0,1,0,1,0
129,1,2,1,2,3,0,0,1,0,0,2,0,1,3,1,0,1,0,0,0,1,0,3,2,0,1
130,1,0,0,0,0,0,2,0,3,1,4,1,0,1,0,2,0,1,0,1,2,0,4,1,0,1
131,2,0,0,2,2,3,1,0,0,1,1,0,1,0,1,3,0,0,2,3,2,0,0,0,1,0
132,0,1,0,1,1,0,1,4,1,2,1,0,0,0,0,0,3,1,1,3,0,0,0,4,1,0
133,5,0,0,0,0,0,0,0,1,3,0,3,0,6,1,3,0,0,0,2,0,0,0,0,0,1
134,1,0,1,0,0,1,0,0,1,0,2,6,0,1,2,0,1,2,3,0,0,0,3,0,0,1
135,1,0,1,3,2,0,0,0,1,0,1,3,1,5,2,0,1,0,0,0,2,0,0,1,0,1
136,0,0,4,0,0,0,4,0,3,0,1,0,0,2,0,1,0,0,2,1,1,0,3,2,0,1
137,0,0,0,0,2,0,0,2,1,4,0,3,1,0,2,0,0,2,1,0,0,0,2,4,1,0
138,0,4,0,0,4,0,0,2,0,0,2,0,0,0,3,2,0,0,0,0,2,2,2,1,0,1
139,4,0,0,2,1,2,0,0,0,1,2,0,0,5,1,1,2,0,0,1,0,0,2,0,0,1
140,0,2,2,0,1,1,0,0,1,5,0,0,2,0,4,1,0,1,1,0,2,0,0,1,1,0
141,0,1,0,5,0,0,1,4,0,1,0,0,1,2,0,0,1,0,0,6,0,0,1,1,1,0
142,2,0,1,1,1,0,1,1,0,0,2,3,2,2,1,0,0,2,1,2,0,1,0,1,0,1
143,0,1,4,5,0,0,0,0,0,0,1,1,0,1,4,0,0,2,0,0,1,0,1,3,0,1
144,0,3,1,1,0,0,1,2,1,1,2,0,0,0,1,3,1,0,2,2,0,0,3,0,1,0
145,3,0,7,1,0,0,0,0,0,0,1,0,1,1,0,2,0,4,1,1,1,0,0,1,0,1
146,0,3,0,2,0,0,0,1,1,1,0,4,1,1,0,0,1,3,1,2,1,1,0,1,0,1
147,0,0,6,0,3,1,1,0,0,0,0,1,0,3,0,0,0,6,2,1,0,0,0,0,1,0
148,0,0,2,0,1,1,5,0,2,1,0,0,1,0,2,1,0,0,2,1,3,0,1,1,0,1
149,0,3,0,1,0,1,1,0,0,4,1,1,3,2,1,1,1,1,0,0,0,0,0,3,0,1
150,1,1,1,1,1,0,0,3,1,0,1,2,1,1,1,1,3,3,1,0,0,0,1,0,1,0
151,1,1,1,2,0,0,3,1,1,1,1,0,0,3,1,2,0,0,1,2,0,0,1,2,0,1
152,0,0,1,2,0,0,0,1,5,0,1,2,5,2,1,0,2,0,0,1,0,1,0,0,0,1
153,0,2,1,1,0,2,2,0,1,3,0,0,0,2,3,0,0,1,0,3,1,0,2,0,0,1
154,0,3,1,1,2,0,1,0,1,1,2,0,0,1,6,0,2,0,1,0,0,2,0,0,1,0
155,0,1,0,0,0,0,3,1,1,3,1,2,0,0,3,0,2,1,3,1,0,0,2,0,0,1
156,1,1,1,0,1,0,0,4,3,1,0,0,2,0,2,0,1,1,0,0,2,0,4,0,1,0
157,0,0,0,1,0,1,4,0,0,4,2,0,3,2,0,1,1,4,0,0,0,0,1,0,1,0
158,2,0,1,0,6,2,0,1,0,0,0,0,3,0,1,0,1,0,2,1,1,1,2,0,1,0
159,0,0,0,0,0,1,6,1,0,0,2,2,0,0,1,0,0,1,7,0,3,0,0,0,0,1
160,0,1,1,2,0,0,0,0,0,2,4,2,2,1,1,0,1,0,3,2,1,0,1,0,0,1
161,1,4,1,0,1,1,0,0,1,2,0,1,2,0,1,0,2,0,4,0,3,0,0,0,1,0
162,5,1,1,0,0,0,1,0,0,1,2,1,0,0,0,0,4,2,0,0,0,3,3,0,0,1
163,0,1,0,2,5,2,1,0,0,0,0,1,0,5,0,0,2,0,3,0,1,0,0,1,0,1
164,1,3,1,1,0,0,2,2,0,1,0,1,1,0,2,0,1,1,0,0,1,3,2,1,1,0
165,1,0,0,1,2,1,0,6,0,1,0,0,1,1,2,1,0,2,0,0,4,0,1,0,0,1
166,2,0,0,3,0,0,0,1,4,0,2,0,3,1,0,0,1,0,3,2,0,0,2,0,1,0
167,1,2,0,4,1,2,0,1,1,0,0,0,0,1,1,2,2,0,1,0,1,1,3,0,0,1
168,0,3,0,0,1,1,0,1,0,5,1,0,2,2,0,0,2,0,3,0,1,1,0,1,1,0
169,0,0,0,0,3,1,0,4,0,2,2,0,1,0,0,1,0,1,0,0,1,1,6,1,1,0
170,1,0,1,0,1,3,1,1,2,0,2,0,1,2,2,0,2,0,2,1,1,1,0,0,0,1
171,0,4,1,1,0,1,0,0,0,0,0,5,0,0,2,4,2,0,1,0,0,2,0,1,0,1
172,1,7,0,0,0,0,0,2,1,0,0,1,2,1,0,0,1,2,0,3,0,0,0,3,0,1
173,1,1,4,1,0,0,1,1,1,0,1,1,1,1,1,1,0,0,0,5,0,1,0,2,0,1
174,0,2,2,1,0,0,1,5,1,0,0,0,1,4,0,0,0,1,0,3,1,1,1,0,0,1
175,2,1,0,0,0,1,0,6,0,1,0,1,2,0,0,0,1,1,1,0,0,3,3,1,0,1
176,0,2,0,2,0,0,2,1,2,2,0,1,3,4,0,0,0,0,0,0,1,3,0,1,0,1
177,0,0,2,1,3,0,5,0,0,0,1,0,2,1,1,0,0,2,0,1,0,3,0,2,0,1
178,0,1,2,1,2,0,0,4,1,0,1,0,1,0,0,0,0,1,0,1,5,0,2,2,1,0
179,1,2,0,0,2,0,0,3,3,1,0,0,2,0,1,1,0,0,2,0,2,0,0,4,0,1
180,0,6,0,0,1,0,0,1,1,0,0,3,0,2,0,2,1,0,5,0,2,0,0,0,1,0
181,0,0,1,3,0,3,2,0,2,1,0,0,2,0,1,4,1,3,0,0,0,0,1,0,0,1
182,1,0,0,0,0,0,1,6,1,2,0,1,0,0,0,0,2,0,2,3,1,1,3,0,0,1
183,1,1,1,0,3,0,0,0,0,0,0,6,1,0,1,0,5,0,2,2,0,0,0,1,1,0
184,0,0,7,1,0,0,2,0,0,2,0,0,1,0,0,0,6,1,2,1,0,0,1,0,1,0
185,2,0,0,1,0,2,0,3,1,1,0,2,0,0,1,2,2,0,2,2,0,3,0,0,0,1
186,0,2,1,1,3,0,0,0,1,2,1,1,0,4,1,0,0,0,0,1,1,2,0,3,1,0
187,1,0,5,2,0,2,0,0,0,1,0,1,1,1,1,0,0,2,0,1,0,1,3,2,0,1
188,0,2,1,3,0,0,0,0,0,0,4,2,0,0,0,0,0,0,1,1,2,7,0,1,0,1
189,4,0,0,1,0,3,0,2,1,1,0,0,2,0,2,1,0,0,6,0,1,0,0,0,0,1
190,0,1,2,0,2,2,0,1,0,3,1,0,3,0,0,3,2,0,1,0,0,3,0,0,0,1
191,1,0,5,1,0,1,2,0,0,0,0,2,1,1,0,0,0,4,3,0,0,0,3,0,0,1
192,1,1,0,4,4,0,1,0,0,1,0,0,3,2,1,2,1,1,0,0,0,0,0,2,1,0
193,0,0,0,1,0,2,0,2,2,3,0,2,0,1,0,0,2,0,0,0,1,0,7,1,0,1
194,1,0,3,2,0,2,1,0,0,3,0,0,2,2,0,0,0,3,2,0,0,1,1,1,0,1
195,1,0,0,3,0,3,1,0,0,0,1,3,0,0,2,0,2,1,1,0,0,4,0,2,1,0
196,5,2,0,1,0,2,1,0,1,0,0,0,3,2,0,0,2,1,4,0,0,0,0,0,1,0
197,0,4,0,1,0,1,2,1,1,0,0,2,0,0,2,3,0,0,1,2,3,0,0,1,1,0
198,0,0,0,1,0,3,4,2,1,1,0,0,3,1,3,0,0,1,1,1,0,0,2,0,0,1
199,1,0,0,0,0,1,0,1,7,0,2,0,0,0,0,0,3,0,2,1,0,3,0,3,0,1
200,4,1,6,0,0,0,0,0,0,0,0,1,2,1,1,0,0,0,4,0,2,0,0,2,1,0
201,1,0,1,2,1,2,0,3,0,2,0,0,0,0,2,0,1,1,0,0,3,0,3,2,1,0
202,0,0,0,0,0,10,1,1,0,0,0,0,1,1,0,0,0,1,0,3,1,0,1,4,0,1
203,0,3,2,4,0,0,0,0,0,1,0,2,1,2,0,0,0,1,1,3,3,0,1,0,0,1
204,3,1,0,0,1,2,0,0,1,1,2,1,2,0,1,1,0,3,0,1,0,0,1,3,0,1
205,0,1,4,0,2,0,3,0,2,0,0,0,0,2,2,0,0,3,0,1,1,2,0,1,0,1
206,3,0,0,2,3,1,0,3,0,0,0,0,0,0,2,2,0,5,0,0,0,0,0,3,0,1
207,0,2,1,0,3,2,0,1,0,3,0,0,1,0,1,2,4,0,1,0,0,0,3,0,1,0
208,3,0,1,2,0,2,1,0,0,0,2,1,0,2,1,2,0,1,3,0,0,2,1,0,1,0
209,1,4,0,0,2,0,1,1,1,2,0,0,0,3,1,0,2,1,1,2,0,0,1,1,1,0
210,0,0,5,0,1,1,0,3,0,2,0,0,0,3,2,0,3,1,1,0,1,0,0,1,0,1
211,0,5,0,0,0,0,1,2,1,0,3,0,0,1,2,0,2,3,1,0,2,0,1,0,1,0
212,0,0,9,0,0,0,0,0,0,1,1,1,0,0,0,3,1,0,3,0,2,2,1,0,1,0
213,0,0,0,0,1,2,0,0,0,5,4,0,3,0,0,0,3,3,1,0,0,2,0,0,1,0
214,0,1,2,0,0,0,1,1,0,0,4,3,0,0,2,2,0,1,2,0,0,1,4,0,0,1
215,4,1,3,0,0,0,1,0,0,1,1,1,3,0,2,1,1,0,3,1,0,1,0,0,1,0
216,0,1,1,1,4,1,0,0,3,0,0,1,2,4,0,0,1,1,0,0,2,2,0,0,0,1
217,2,0,0,0,5,0,2,2,0,1,0,0,0,5,0,1,0,1,0,0,0,0,4,1,1,0
218,3,0,1,1,0,0,3,0,0,2,0,2,1,2,0,0,2,0,0,0,2,3,0,2,0,1
219,0,1,6,3,0,0,0,1,1,0,0,0,0,0,0,0,2,6,0,2,0,0,1,1,0,1
220,0,0,0,0,3,1,1,0,2,5,0,0,1,0,4,1,0,0,1,0,1,4,0,0,0,1
221,0,1,0,1,0,1,1,1,0,5,0,2,3,0,1,0,1,0,0,3,0,1,1,2,0,1
222,0,0,1,0,2,1,1,0,0,2,2,3,0,0,0,2,7,0,1,0,0,0,1,1,1,0
223,0,4,0,2,1,0,4,0,0,0,0,1,0,3,0,2,1,1,1,3,0,0,1,0,1,0
224,0,1,3,1,1,0,0,0,0,0,4,2,0,3,1,2,0,0,1,0,3,0,1,1,0,1
225,3,5,2,0,0,0,1,0,0,0,1,0,1,1,0,0,2,0,1,0,0,5,1,1,0,1
226,1,0,1,0,3,0,0,0,7,0,0,0,0,0,1,2,0,1,1,1,4,0,1,1,1,0
227,0,0,4,0,0,1,1,2,3,0,1,0,1,0,4,0,0,1,2,0,1,2,1,0,1,0
228,5,0,4,1,0,0,1,1,0,0,0,0,0,0,3,2,1,1,1,0,0,4,0,0,0,1
229,0,1,0,3,2,0,0,1,0,2,3,0,0,0,3,0,3,0,1,2,0,0,0,3,1,0
230,0,1,0,2,1,0,0,4,1,3,0,0,0,2,1,2,4,0,0,0,0,1,1,1,0,1
231,1,1,3,0,0,0,2,1,1,3,0,0,1,1,0,0,1,2,0,3,0,0,0,4,0,1
232,0,0,1,3,0,1,1,1,0,3,0,2,0,5,0,2,0,0,0,3,0,1,1,0,0,1
233,0,5,1,1,0,1,0,0,0,2,2,0,4,1,0,1,1,2,0,0,0,3,0,0,0,1
234,1,2,0,3,0,2,1,0,1,0,1,1,1,1,0,0,4,4,0,0,0,2,0,0,1,0
235,1,1,0,0,1,2,5,1,0,0,0,1,0,1,1,0,4,0,3,0,1,2,0,0,0,1
236,0,1,0,0,1,0,2,1,0,0,0,7,0,3,0,3,2,1,0,0,1,1,1,0,0,1
237,0,2,9,0,0,0,0,1,0,0,0,0,3,3,0,0,0,0,2,2,0,1,1,0,1,0
238,0,4,1,1,0,1,1,0,2,1,1,0,1,1,0,0,0,2,1,0,2,4,1,0,0,1
239,1,0,4,1,0,1,0,0,0,0,0,5,0,0,2,1,0,2,1,4,0,0,2,0,0,1
240,0,0,1,0,0,2,2,1,2,2,0,2,2,1,1,0,2,0,1,3,0,0,2,0,0,1
241,0,1,0,1,3,0,2,2,1,0,1,1,2,3,0,0,2,0,1,3,0,1,0,0,1,0
242,0,0,2,1,2,0,0,1,3,2,0,1,0,1,1,1,0,1,1,0,0,1,4,2,0,1
243,1,2,0,1,1,1,1,1,0,4,0,0,0,0,2,1,4,0,1,0,1,2,1,0,0,1
244,4,0,1,2,0,0,0,0,0,0,5,0,0,1,0,2,5,1,0,1,0,0,2,0,0,1
245,2,1,0,2,3,0,3,0,1,0,0,0,0,2,2,0,0,2,0,2,1,1,0,2,0,1
246,0,0,0,0,5,1,0,0,3,2,0,1,0,0,1,3,0,3,1,1,3,0,0,0,0,1
247,4,1,3,0,2,0,1,0,0,0,1,0,0,2,0,5,0,0,0,0,2,2,0,1,1,0
248,3,1,1,0,0,0,2,2,1,1,0,1,2,1,2,2,2,0,0,0,0,2,0,1,0,1
249,3,0,0,5,0,1,2,1,0,0,0,0,3,1,0,2,2,2,0,0,0,1,1,0,0,1
250,1,1,2,0,0,2,0,0,0,1,4,1,3,0,0,0,0,0,0,2,0,4,2,1,1,0
251,1,1,2,0,0,1,0,1,2,1,0,3,0,3,2,1,0,0,0,0,4,0,1,1,1,0
252,2,3,0,0,5,2,0,0,0,0,0,0,2,1,0,1,0,0,3,2,0,2,0,1,1,0
253,2,0,0,0,0,0,0,0,3,0,3,4,1,1,1,2,1,0,0,0,1,2,1,2,0,1
254,0,0,0,0,0,0,3,4,1,0,1,3,0,2,1,4,1,2,0,0,1,1,0,0,1,0
255,1,0,0,3,2,0,0,0,0,2,4,0,1,2,1,1,1,2,1,1,0,1,1,0,0,1
256,2,1,2,0,0,1,1,1,0,1,0,3,0,0,2,0,1,3,5,0,1,0,0,0,0,1
257,0,0,3,1,0,0,0,3,4,0,0,1,4,0,1,0,4,0,0,0,0,2,1,0,1,0
258,0,5,3,0,0,1,1,0,2,0,0,0,1,0,0,3,2,0,0,3,1,2,0,0,1,0
259,0,1,0,3,1,0,1,3,0,2,0,1,0,1,1,0,3,1,0,1,0,0,4,1,1,0
260,0,0,0,0,0,0,2,0,1,6,0,3,0,0,0,3,0,1,4,0,0,0,3,1,0,1
261,0,1,0,0,0,1,2,3,3,0,1,1,1,3,0,0,1,0,1,4,0,0,2,0,1,0
262,0,1,0,1,0,4,0,2,0,2,0,2,1,2,1,0,2,2,0,1,0,0,1,2,0,1
263,0,4,0,0,2,1,2,1,0,0,2,0,0,1,2,0,0,0,1,1,3,0,1,3,0,1
264,0,1,1,1,0,0,0,4,0,5,0,0,1,2,0,0,3,0,1,0,0,1,0,4,1,0
265,1,2,0,4,0,0,0,1,0,0,2,2,0,0,0,1,2,0,0,2,1,5,1,0,1,0
266,0,0,3,0,1,1,2,3,0,1,0,1,6,0,1,0,3,0,1,1,0,0,0,0,1,0
267,1,0,1,0,1,0,0,1,0,0,4,4,0,6,0,1,0,0,1,1,3,0,0,0,0,1
268,4,1,0,1,0,1,2,0,2,1,0,0,0,1,0,0,2,1,2,2,1,1,1,1,0,1
269,0,0,2,3,0,0,7,0,0,0,0,0,1,1,4,0,0,5,0,0,0,0,0,1,1,0
270,5,0,0,1,0,0,0,1,2,1,2,0,0,2,0,1,2,2,0,1,0,1,2,1,0,1
271,1,2,0,0,0,2,1,0,2,0,3,1,1,0,3,3,0,0,0,0,2,3,0,0,0,1
272,0,1,1,2,4,1,1,1,0,0,1,0,0,2,2,0,1,2,0,1,0,0,3,1,0,1
273,1,0,1,2,2,0,1,0,0,0,1,4,1,0,1,1,3,1,0,1,0,4,0,0,1,0
274,1,1,0,0,1,0,1,1,2,2,1,2,2,1,0,0,1,1,1,2,4,0,0,0,1,0
275,0,0,1,3,0,1,2,1,0,1,2,1,0,1,4,0,1,0,1,1,2,0,0,2,1,0
276,0,0,0,2,2,0,2,0,1,3,1,1,1,1,1,3,3,0,0,0,2,0,1,0,0,1
277,1,2,1,2,1,2,1,0,1,1,0,0,3,1,1,1,1,0,3,0,2,0,0,0,1,0
278,1,4,0,1,1,0,0,2,2,0,0,1,1,0,0,1,0,1,0,4,0,3,1,1,1,0
279,1,1,0,0,1,0,1,1,3,2,0,2,1,0,0,1,2,3,1,2,1,0,1,0,1,0
280,0,0,0,1,1,0,3,2,0,0,3,2,1,0,6,1,1,0,0,2,0,0,1,0,0,1
281,0,3,1,2,1,0,2,0,0,0,3,0,0,2,0,1,0,4,0,1,1,0,2,1,0,1
282,0,5,0,2,1,1,0,2,0,0,1,0,0,0,0,0,2,1,0,0,0,1,8,0,1,0
283,1,0,6,0,1,0,0,1,0,2,1,0,0,0,1,1,3,0,0,2,0,1,2,2,1,0
284,1,2,1,0,1,0,0,0,0,2,0,5,2,0,1,0,0,1,2,1,2,1,0,2,1,0
285,0,1,0,3,2,2,4,0,0,0,0,0,0,0,1,0,1,0,1,1,0,0,4,4,1,0
286,0,3,1,0,1,0,1,2,0,3,1,0,1,1,1,0,1,0,0,4,0,3,1,0,0,1
287,0,2,4,2,2,0,1,0,0,0,0,1,0,1,1,1,0,5,1,2,0,0,1,0,1,0
288,1,3,0,3,0,2,0,0,0,2,1,0,0,1,0,0,4,0,3,0,4,0,0,0,1,0
289,2,1,0,0,0,0,0,0,7,0,1,1,2,0,4,0,0,1,2,0,1,0,1,1,0,1
290,1,1,1,0,1,0,0,6,0,0,1,1,3,0,1,1,4,0,2,0,0,1,0,0,0,1
291,0,2,2,0,1,0,1,1,0,3,2,0,4,0,4,0,0,1,0,0,0,0,3,0,1,0
292,0,2,0,1,7,0,0,1,1,0,0,0,0,0,0,3,1,1,1,2,1,0,0,3,0,1
293,0,0,0,0,0,0,3,6,0,1,1,1,1,0,0,2,2,0,0,3,1,0,0,3,0,1
294,5,0,2,0,0,0,2,1,0,2,0,0,1,0,0,0,1,1,2,1,0,0,3,3,1,0
295,2,0,1,0,1,0,0,1,0,2,2,3,0,1,5,0,0,0,0,0,3,2,0,1,1,0
296,0,0,1,1,5,0,2,1,0,2,0,0,2,1,0,0,1,4,0,1,1,0,1,1,1,0
297,1,1,5,0,0,0,1,2,2,0,0,0,0,0,1,3,0,1,0,1,1,1,0,4,1,0
298,0,0,0,4,0,2,1,1,3,0,1,0,1,1,0,0,2,0,1,1,4,2,0,0,1,0
299,0,2,1,0,2,0,2,1,1,0,0,3,1,0,0,2,0,1,0,5,1,1,0,1,0,1
300,3,0,0,1,0,0,5,0,1,0,0,2,4,1,0,2,0,0,0,0,1,2,2,0,0,1
301,3,1,0,1,2,1,1,1,0,0,0,2,0,0,0,1,3,3,2,1,1,0,1,0,1,0
302,1,4,0,3,0,0,1,0,0,1,1,1,1,0,0,1,0,6,3,1,0,0,0,0,0,1
303,0,4,2,0,1,0,0,2,3,0,0,0,1,0,0,3,0,2,3,2,0,1,0,0,0,1
304,0,2,0,0,0,1,3,3,0,0,1,2,0,0,3,0,0,0,0,1,2,0,4,2,0,1
305,0,1,3,0,2,0,4,0,0,0,0,2,1,3,0,1,0,1,0,1,0,3,1,1,1,0
306,2,1,4,0,0,2,0,0,2,1,0,0,10,0,0,0,0,0,0,1,0,1,0,0,0,1
307,2,0,0,0,0,0,1,1,5,3,0,0,0,1,0,1,0,2,1,0,5,0,2,0,1,0
308,2,1,3,0,0,0,1,4,0,1,0,0,3,1,0,3,0,0,0,0,0,2,3,0,1,0
309,1,2,0,1,3,2,0,2,0,1,0,0,0,3,2,0,1,0,0,0,1,0,0,5,1,0
310,5,0,1,0,0,1,1,1,1,0,0,2,2,0,0,0,0,0,1,0,2,3,0,4,1,0
311,0,2,1,0,0,3,0,0,4,0,1,1,2,0,0,1,2,2,0,1,2,0,2,0,1,0
312,0,2,1,1,0,0,0,3,3,0,0,2,1,0,1,0,3,0,1,0,4,0,2,0,0,1
313,0,1,2,0,2,3,0,3,1,0,0,0,0,0,0,1,4,0,2,2,0,1,0,2,0,1
314,1,1,3,0,0,2,0,1,1,1,1,1,0,0,0,1,0,0,2,2,0,0,4,3,1,0
315,1,1,2,1,3,3,0,0,0,1,0,0,3,0,0,2,1,0,0,4,0,1,1,0,1,0
316,1,1,0,0,1,1,0,2,1,1,3,1,0,2,2,3,0,0,0,2,0,1,0,2,1,0
317,0,0,4,0,1,0,0,1,5,0,1,0,1,0,1,3,4,2,0,0,1,0,0,0,1,0
318,3,1,0,3,0,0,0,0,2,1,1,1,2,0,1,0,5,0,0,0,3,0,0,1,0,1
319,0,0,0,3,1,0,1,0,5,2,0,0,1,0,0,1,0,3,0,1,0,6,0,0,1,0
320,1,4,0,3,0,1,2,0,0,0,1,0,0,0,1,0,3,5,0,0,1,1,0,1,1,0
321,0,0,0,0,2,0,5,3,0,0,0,2,1,2,0,0,3,0,0,0,0,1,3,2,0,1
322,0,0,0,1,2,1,1,4,2,1,0,0,0,0,2,3,0,1,1,4,0,0,0,1,0,1
323,2,2,2,0,0,0,1,0,3,1,1,0,1,1,2,0,5,2,1,0,0,0,0,0,1,0
324,3,1,0,0,0,0,1,1,1,1,1,3,3,0,0,0,0,2,2,0,5,0,0,0,0,1
325,0,1,0,1,0,1,1,0,5,0,0,3,0,1,1,0,1,0,2,0,2,2,1,2,1,0
326,2,1,1,1,3,0,1,0,0,2,1,0,4,0,0,0,2,2,0,0,0,2,0,2,1,0
327,0,0,2,5,0,2,2,0,0,1,0,0,5,0,1,1,0,1,0,3,0,0,1,0,0,1
328,0,1,2,0,1,0,0,2,1,1,1,3,0,0,0,0,3,3,1,2,0,3,0,0,0,1
329,1,0,2,1,1,1,0,3,1,0,0,2,2,1,2,2,2,0,0,0,1,1,1,0,1,0
330,0,0,2,3,0,3,0,1,1,0,0,2,3,0,1,1,0,0,5,1,0,0,0,1,1,0
331,0,1,0,3,1,2,1,0,0,2,2,0,0,0,4,1,2,0,1,1,0,3,0,0,0,1
332,0,1,2,0,0,1,4,0,1,1,2,0,3,1,0,1,0,2,0,1,4,0,0,0,1,0
333,0,0,1,0,0,1,2,3,1,0,1,3,4,0,0,3,0,0,2,0,0,1,0,2,0,1
334,0,0,2,2,1,2,0,0,1,0,4,0,1,0,2,3,1,3,0,0,0,0,0,2,1,0
335,0,2,1,2,0,0,2,0,0,2,0,3,3,0,0,0,0,3,0,1,0,1,0,4,1,0
336,1,0,0,1,3,0,2,0,0,4,1,0,0,2,1,0,0,3,0,3,0,2,0,1,1,0
337,1,2,2,0,1,1,4,0,0,0,0,1,0,0,0,0,1,0,0,1,0,0,5,5,1,0
338,5,1,0,2,2,0,1,0,0,1,0,0,1,1,3,1,1,2,2,0,0,0,0,1,0,1
339,0,2,0,3,1,0,1,0,1,0,4,0,0,2,1,1,1,3,0,2,1,0,0,1,0,1
340,2,0,3,1,1,0,0,0,4,0,1,0,0,1,5,0,4,0,2,0,0,0,0,0,0,1
341,0,0,1,0,2,5,0,0,2,0,0,2,0,0,1,1,0,0,0,0,7,2,1,0,1,0
342,1,0,0,1,0,1,0,1,3,0,5,0,1,0,2,0,0,1,2,2,2,0,0,2,1,0
343,0,0,0,0,1,1,5,0,1,3,1,0,2,3,0,0,0,1,0,1,1,1,2,1,0,1
344,2,0,4,0,0,0,1,1,1,0,2,1,2,1,0,0,2,0,0,1,1,3,0,2,1,0
345,2,2,1,1,1,0,0,0,1,0,0,4,0,0,0,1,4,1,0,1,1,4,0,0,0,1
346,0,0,1,3,2,0,2,0,0,1,1,2,1,0,2,1,0,0,0,3,2,0,3,0,0,1
347,4,2,0,1,1,0,1,1,0,1,1,0,2,2,4,1,0,0,0,0,2,0,0,1,1,0
348,1,1,0,2,3,0,5,0,0,0,0,0,1,3,1,0,0,0,0,4,2,0,0,1,1,0
349,2,0,0,0,3,0,0,1,0,0,2,4,0,0,1,0,3,0,2,1,1,2,1,1,1,0
350,0,1,0,1,1,0,2,4,1,2,0,0,2,3,0,0,1,1,0,1,0,1,0,3,0,1
351,1,0,0,2,0,0,0,0,1,1,6,1,2,0,2,0,2,0,1,2,1,0,1,1,0,1
352,2,0,0,1,1,1,3,1,0,0,2,1,7,1,0,0,0,2,0,0,0,1,1,0,0,1
353,0,3,0,0,1,2,1,0,0,3,2,0,0,0,1,0,2,0,0,1,1,0,1,6,1,0
354,1,0,0,1,2,2,0,0,1,2,2,1,0,0,1,0,0,0,1,4,6,0,0,0,1,0
355,0,1,0,1,0,2,2,2,0,0,3,1,0,0,2,0,0,4,0,4,0,1,0,1,1,0
356,2,1,0,2,0,0,2,0,2,3,0,0,0,3,1,1,0,0,1,0,0,4,0,2,1,0
357,0,0,1,0,6,0,0,1,0,1,2,1,0,3,0,1,2,1,0,0,0,0,5,0,1,0
358,4,0,1,2,1,0,0,0,3,0,0,1,0,0,3,2,2,0,0,0,2,0,0,3,0,1
359,2,0,3,2,1,0,0,0,1,1,0,2,1,4,0,1,0,0,4,0,0,0,1,1,0,1
360,2,0,3,0,1,1,1,1,2,0,0,1,0,2,1,0,1,0,1,0,0,2,2,3,1,0
361,1,0,0,2,0,1,2,0,2,1,1,2,1,0,0,2,1,0,0,0,2,0,1,5,0,1
362,2,1,0,0,6,0,1,1,0,0,1,0,1,0,0,0,0,1,0,0,7,3,0,0,0,1
363,0,0,2,0,1,1,7,1,0,0,0,0,0,3,0,2,1,1,2,0,0,3,0,0,0,1
364,2,0,2,0,0,2,0,2,0,1,3,0,0,3,0,2,0,1,0,0,0,3,0,3,1,0
365,0,1,0,0,3,0,0,0,3,0,4,1,0,1,5,0,4,0,2,0,0,0,0,0,1,0
366,1,1,0,2,1,1,0,1,3,0,2,0,0,1,3,1,0,0,0,0,3,1,0,3,1,0
367,1,3,0,0,1,1,1,0,1,1,3,0,0,6,1,0,2,0,1,0,0,1,0,1,1,0
368,0,0,1,2,1,0,0,0,0,1,1,6,1,1,0,1,0,3,1,1,0,1,1,2,1,0
369,0,0,3,1,1,2,0,0,1,0,0,4,2,0,1,1,0,2,1,0,0,2,3,0,0,1
370,1,0,3,1,0,1,3,0,0,0,1,2,4,0,0,0,0,0,0,1,2,1,0,4,0,1
371,4,1,0,0,0,1,2,0,1,1,2,0,2,1,2,3,0,0,3,0,0,0,0,1,1,0
372,3,0,1,1,0,0,0,2,1,1,2,1,1,1,0,2,2,0,0,3,0,0,1,2,0,1
373,1,0,0,0,1,0,2,3,2,1,0,2,1,0,3,0,0,2,0,1,3,1,1,0,0,1
374,0,1,3,0,0,3,2,0,0,1,0,2,1,1,1,1,0,1,1,4,1,0,1,0,1,0
375,0,0,4,0,0,3,0,0,3,0,1,1,0,1,1,0,0,0,0,2,0,6,2,0,0,1
376,1,0,1,2,0,1,0,0,3,0,0,4,0,1,2,0,2,1,1,0,2,0,2,1,1,0
377,0,2,1,0,2,0,1,0,5,0,1,0,0,0,0,0,7,1,1,0,0,0,2,1,0,1
378,1,0,1,5,0,0,0,2,1,0,2,0,2,0,2,0,1,0,2,0,0,0,3,2,0,1
379,1,1,0,0,0,2,1,4,1,0,2,0,0,0,2,1,6,1,0,0,0,0,2,0,1,0
380,1,0,0,1,6,0,0,0,0,1,3,0,3,1,0,1,1,0,1,1,3,0,1,0,0,1
381,1,2,0,1,5,0,0,0,2,0,0,1,0,2,0,0,3,1,4,0,0,2,0,0,1,0
382,0,2,1,0,3,0,2,1,0,1,1,1,1,0,0,2,0,2,4,1,0,1,1,0,1,0
383,0,0,0,0,1,2,1,4,0,0,4,0,0,0,3,0,2,0,1,3,0,1,0,2,1,0
384,0,1,0,2,1,0,1,2,1,2,1,1,0,1,1,1,3,1,0,2,1,1,0,1,1,0
385,0,0,0,5,1,0,0,0,2,1,1,2,1,2,2,0,2,2,0,0,0,0,0,3,0,1
386,1,0,1,3,0,1,4,2,0,0,0,0,0,0,3,1,1,1,1,0,1,2,2,0,1,0
387,3,2,0,3,1,1,0,1,0,1,0,0,1,0,0,5,1,2,0,0,0,0,1,2,1,0
388,1,2,0,0,0,0,1,1,1,3,3,0,0,1,5,1,1,0,0,1,0,2,1,0,1,0
389,1,2,0,1,0,0,1,1,4,0,2,0,0,0,1,0,4,4,0,1,0,0,2,0,1,0
390,1,0,0,0,0,1,0,1,2,0,0,7,0,3,0,0,0,4,0,2,0,0,1,2,0,1
391,0,2,1,1,2,0,2,0,0,0,2,2,0,3,0,1,0,2,0,1,2,2,0,1,1,0
392,1,0,0,0,2,0,0,4,1,0,0,4,0,0,4,2,0,0,0,0,1,3,0,2,1,0
393,1,1,0,2,0,2,4,0,1,0,1,0,0,1,7,0,0,0,1,0,0,1,0,2,0,1
394,2,4,1,0,0,1,1,3,0,0,0,0,0,2,1,0,0,2,0,1,0,2,4,0,1,0
395,2,0,1,0,0,0,0,0,2,5,1,1,0,0,1,1,5,0,0,1,2,0,1,1,1,0
396,0,4,0,0,0,2,2,0,1,0,3,0,0,6,0,0,0,1,3,0,0,0,0,2,0,1
397,0,3,1,0,0,1,0,3,0,2,1,1,0,0,2,3,0,0,5,0,0,0,1,1,0,1
398,0,1,0,1,0,0,2,0,0,6,2,0,2,0,0,0,0,4,3,0,0,0,0,3,0,1
399,1,2,0,0,1,3,0,1,2,1,0,1,2,1,3,0,1,0,0,3,1,0,1,0,1,0
400,1,5,0,0,0,4,0,1,0,0,0,1,0,0,3,1,2,2,0,1,0,0,1,2,1,0
401,0,1,0,1,2,2,1,0,0,0,4,1,3,0,1,7,1,0,0,0,0,0,0,0,0,1
402,0,1,1,2,6,0,0,2,0,0,0,0,0,1,0,3,0,1,4,2,1,0,0,0,0,1
403,0,0,0,0,3,0,1,1,4,0,2,1,0,3,1,0,3,0,2,0,0,2,1,0,0,1
404,3,3,0,4,1,0,0,0,0,0,1,0,0,0,5,0,2,1,0,1,0,0,3,0,0,1
405,1,0,0,0,6,0,0,3,0,0,0,2,0,1,2,0,2,0,3,0,2,1,1,0,0,1
406,1,1,0,0,1,0,2,0,0,1,6,0,0,0,1,1,5,1,0,1,0,2,1,0,0,1
407,0,1,2,0,3,2,2,0,0,1,1,0,0,2,1,0,1,2,1,1,0,1,0,3,1,0
408,0,0,0,0,2,0,0,1,0,0,8,1,1,0,1,0,3,2,2,0,0,3,0,0,0,1
409,1,0,5,2,0,0,1,0,1,1,0,1,2,0,0,2,4,0,0,2,0,1,1,0,0,1
410,0,0,1,3,0,5,0,0,0,0,2,1,2,0,0,0,3,0,1,2,0,4,0,0,1,0
411,0,1,2,3,0,2,1,2,0,0,0,1,1,0,2,1,6,1,0,0,0,0,0,1,1,0
412,2,0,3,0,0,1,1,0,2,1,1,1,0,3,0,1,1,1,0,0,1,4,0,1,1,0
413,1,2,1,0,0,1,0,0,5,1,1,0,1,2,3,1,1,0,2,0,0,1,0,1,0,1
414,0,0,0,1,0,4,2,0,1,4,0,0,0,2,3,0,0,0,0,1,1,1,3,1,0,1
415,0,0,0,0,1,3,0,0,2,0,6,0,3,0,2,3,0,0,0,2,1,0,1,0,0,1
416,1,5,0,0,1,0,0,1,3,0,1,0,1,1,0,1,3,0,0,4,0,0,1,1,0,1
417,1,1,0,0,2,2,2,2,0,0,2,0,1,0,1,1,0,1,3,0,0,2,1,2,1,0
418,0,3,5,1,0,1,0,1,0,0,0,1,2,0,3,0,1,1,0,2,1,0,2,0,1,0
419,2,2,1,0,0,0,0,1,1,0,2,3,1,1,0,0,0,1,0,3,3,3,0,0,0,1
420,2,0,0,1,0,1,1,0,1,6,0,0,2,0,3,0,3,0,3,0,0,0,1,0,1,0
421,1,1,0,4,1,0,2,1,0,0,0,2,2,0,2,0,1,0,0,4,0,1,1,1,1,0
422,0,1,0,6,0,0,1,0,0,1,0,3,0,0,5,0,2,1,2,0,0,0,2,0,0,1
423,1,0,1,0,1,2,2,2,0,2,0,1,0,1,0,3,1,1,0,0,0,3,2,1,1,0
424,2,3,0,0,0,1,1,0,2,3,0,0,0,4,1,0,2,1,0,0,1,0,1,2,0,1
425,0,3,0,0,3,1,0,3,0,1,1,0,0,1,2,2,0,0,0,1,5,1,0,0,0,1
426,0,2,0,0,0,0,0,4,2,2,2,0,0,0,1,0,1,4,0,1,2,1,1,1,0,1
427,2,0,0,2,3,0,3,1,1,0,0,0,2,0,2,1,0,0,3,0,2,1,0,1,1,0
428,2,0,1,1,3,0,0,4,0,0,0,1,0,0,0,0,6,0,0,0,2,0,1,3,1,0
429,0,2,1,0,1,1,2,0,0,4,1,0,0,1,0,0,2,0,1,0,0,1,7,0,1,0
430,1,2,0,1,3,1,2,0,0,0,1,1,0,0,0,0,0,2,0,0,1,2,2,5,1,0
431,0,0,1,1,0,0,1,0,0,3,1,5,1,3,0,0,0,0,0,3,1,1,1,2,1,0
432,2,7,0,1,0,0,0,1,0,0,0,1,0,0,0,1,5,0,2,0,0,2,2,0,1,0
433,1,0,0,1,0,1,1,0,0,1,6,1,1,0,0,0,0,1,3,0,2,1,3,1,0,1
434,0,2,0,0,0,4,1,0,2,3,0,0,1,0,0,0,1,3,0,0,4,2,0,1,1,0
435,3,0,0,1,0,1,2,3,0,0,1,1,0,0,4,0,0,3,0,0,0,1,1,3,1,0
436,0,4,0,2,1,0,2,0,0,2,0,1,1,0,2,1,0,1,0,0,2,0,5,0,0,1
437,0,2,2,1,3,1,1,1,0,0,0,1,1,1,0,0,0,5,1,0,0,0,3,1,0,1
438,2,2,1,0,1,0,3,2,0,1,0,0,1,0,0,0,1,0,5,1,2,0,2,0,1,0
439,0,0,1,0,4,1,1,1,0,3,0,1,0,3,1,1,1,0,0,1,1,0,1,3,0,1
440,2,0,0,2,2,1,1,1,0,1,1,1,0,1,0,3,1,2,0,4,0,0,0,1,0,1
441,0,0,0,2,0,1,0,5,0,0,2,2,1,0,3,0,4,2,0,0,0,0,0,2,0,1
442,2,3,0,0,0,4,1,2,0,0,0,0,2,1,4,0,0,1,0,1,3,0,0,0,1,0
443,0,1,0,2,0,0,2,5,0,1,0,1,0,1,0,6,0,0,0,0,1,2,1,1,1,0
444,0,0,2,0,2,1,0,3,0,0,0,4,0,1,1,0,1,2,3,3,1,0,0,0,0,1
445,2,3,0,0,0,1,2,0,2,0,1,1,1,0,1,2,1,0,3,0,0,2,2,0,1,0
446,0,7,0,0,1,3,0,0,0,0,0,1,0,0,0,1,0,0,0,3,2,1,5,0,1,0
447,0,0,3,1,3,0,0,4,0,1,0,0,1,0,4,0,1,1,1,1,1,0,1,1,0,1
448,0,5,0,0,0,0,0,0,1,0,0,6,0,4,0,0,1,3,0,1,1,0,1,1,0,1
449,1,1,0,2,0,0,0,1,0,4,0,3,0,3,0,0,3,0,2,0,0,3,0,1,0,1
450,0,1,2,0,0,2,1,1,5,0,0,0,0,0,1,1,1,1,1,1,1,1,4,0,1,0
451,2,2,3,0,1,0,0,0,0,3,0,1,1,2,0,0,1,0,1,1,4,0,1,1,1,0
452,1,1,1,0,1,2,2,0,3,0,1,0,0,2,0,2,1,0,0,3,0,4,0,0,1,0
453,1,0,1,3,0,0,2,1,1,0,1,2,0,0,1,2,3,3,1,0,0,1,0,1,1,0
454,1,1,2,1,0,2,1,0,0,0,3,1,1,0,0,1,3,0,0,2,0,1,3,1,1,0
455,0,1,2,0,0,3,0,0,1,1,2,2,2,1,0,0,0,1,1,1,0,5,1,0,0,1
456,0,0,3,0,0,0,0,1,2,1,4,1,1,0,0,1,0,0,0,1,5,0,2,2,0,1
457,2,1,1,2,0,0,2,0,0,0,4,0,1,2,5,2,1,0,1,0,0,0,0,0,0,1
458,0,0,0,5,0,2,0,0,0,0,3,2,1,2,1,0,1,1,0,2,3,0,0,1,0,1
459,0,0,4,2,0,0,1,2,2,0,0,1,0,0,1,2,0,1,6,0,0,0,1,1,1,0
460,0,2,0,1,4,1,0,1,1,0,2,0,3,0,0,1,0,1,0,0,0,1,1,5,0,1
461,3,0,0,0,2,0,0,0,1,4,2,0,1,1,0,0,0,1,1,0,1,0,2,5,0,1
462,0,1,3,0,1,1,1,0,3,1,0,1,0,2,0,0,1,4,0,1,0,3,0,1,1,0
463,1,0,1,2,0,2,0,1,2,0,3,0,1,1,0,0,1,0,0,1,0,3,1,4,1,0
464,0,0,4,0,1,3,0,0,2,0,1,1,0,2,2,1,0,0,0,2,1,1,2,1,1,0
465,3,0,2,0,0,3,2,1,0,0,1,0,6,0,0,0,3,0,0,3,0,0,0,0,1,0
466,5,0,0,3,0,0,0,2,1,1,0,0,1,0,1,0,1,4,0,0,2,0,0,3,1,0
467,2,0,0,0,2,4,0,0,0,2,0,2,1,0,1,2,1,0,1,1,5,0,0,0,0,1
468,2,1,2,0,0,0,0,1,1,4,1,0,0,1,0,0,0,2,2,5,0,1,0,1,1,0
469,3,4,1,0,1,1,0,0,0,2,0,0,0,1,1,1,1,3,0,1,0,4,0,0,1,0
470,0,0,0,1,2,0,1,1,5,0,0,2,1,1,0,1,0,0,0,2,0,1,2,4,1,0
471,1,2,1,0,0,0,0,4,0,0,0,4,2,3,0,2,0,0,0,0,3,0,2,0,1,0
472,1,1,2,0,0,5,0,0,0,1,2,0,0,3,1,1,1,0,0,2,1,2,1,0,0,1
473,0,1,4,4,0,0,0,3,0,0,0,0,0,6,0,1,0,1,2,1,1,0,0,0,0,1
474,1,5,0,1,0,0,2,1,0,0,0,2,0,0,4,0,0,0,3,0,1,0,0,4,1,0
475,2,0,3,1,0,0,0,0,3,0,1,2,3,0,3,0,2,2,0,0,0,1,0,1,0,1
476,0,2,0,0,1,0,0,2,0,4,3,0,0,0,0,0,3,1,3,1,0,1,1,2,0,1
477,0,0,1,0,1,0,0,6,0,4,0,0,1,0,0,0,4,1,0,2,1,2,1,0,0,1
478,0,3,0,2,1,1,1,0,0,2,2,0,0,0,3,1,0,1,2,4,0,0,1,0,0,1
479,1,0,3,0,2,1,1,2,0,1,1,0,1,0,2,0,0,2,4,2,0,1,0,0,1,0
480,0,0,3,0,0,0,1,0,2,5,0,1,1,1,0,2,2,1,0,0,3,0,0,2,1,0
481,2,1,0,0,0,5,0,0,0,1,0,3,0,1,0,1,0,0,1,3,3,1,2,0,0,1
482,0,1,1,0,2,0,1,2,0,1,2,2,0,2,1,3,2,0,0,0,1,2,1,0,0,1
483,0,2,2,1,4,0,0,0,2,1,0,0,0,5,0,0,0,1,2,0,2,1,1,0,0,1
484,1,0,1,2,0,1,0,3,1,2,0,1,0,1,0,0,1,2,0,2,5,0,1,0,0,1
485,1,0,0,4,1,1,1,1,0,0,2,1,0,5,0,0,0,0,0,1,2,4,0,0,1,0
486,2,3,0,0,0,1,0,2,1,0,0,3,1,0,1,2,0,0,1,3,0,2,2,0,1,0
487,0,1,0,1,3,0,5,0,0,0,0,2,0,1,0,1,0,4,3,0,0,0,2,1,1,0
488,0,3,1,0,0,0,4,0,0,3,0,1,0,0,3,0,5,0,0,2,0,0,1,1,0,1
489,0,2,2,3,2,0,0,0,1,2,0,0,3,0,1,0,2,2,3,0,0,0,0,1,0,1
490,3,1,0,3,0,1,0,0,0,2,2,0,0,2,1,0,1,0,0,2,0,1,0,5,1,0
491,0,1,1,0,2,0,1,3,1,2,1,0,0,0,1,3,0,1,2,1,0,0,1,3,1,0
492,3,0,0,0,0,1,1,1,2,1,2,1,0,1,2,0,0,0,6,0,0,1,2,0,1,0
493,1,0,0,0,4,1,1,0,0,1,0,4,0,0,1,3,3,1,0,0,2,1,1,0,0,1
494,2,0,0,1,0,2,0,2,2,1,0,2,0,5,1,3,0,2,0,0,0,0,0,1,1,0
495,1,2,2,0,0,1,2,3,0,0,0,1,1,0,1,0,0,1,3,1,0,2,3,0,0,1
496,0,1,0,3,2,5,0,0,0,0,1,0,2,1,2,0,4,1,0,1,0,1,0,0,0,1
497,2,3,1,2,0,1,0,0,1,1,1,0,1,0,2,3,2,1,0,0,0,3,0,0,1,0
498,1,1,3,1,0,0,0,1,0,2,0,3,1,2,0,2,0,0,0,1,3,2,0,1,1,0
499,0,0,0,0,2,0,0,5,0,0,5,0,1,2,0,0,0,0,3,1,0,3,1,1,0,1
500,0,0,1,0,0,0,0,4,3,1,0,3,0,1,0,0,0,0,4,0,0,4,1,2,1,0
501,5,0,0,1,1,0,1,0,1,1,1,1,0,3,3,0,0,3,1,0,0,1,0,1,0,1
502,0,0,2,0,4,3,0,0,1,0,0,2,0,0,0,3,0,1,5,3,0,0,0,0,1,0
503,1,0,2,3,0,1,0,0,0,0,3,2,1,2,1,0,0,2,2,2,0,0,1,1,0,1
504,0,0,0,2,0,0,2,3,2,3,0,0,1,1,3,1,2,0,0,0,2,0,0,2,0,1
505,3,0,0,1,2,2,0,0,1,0,2,1,1,2,1,0,0,2,1,0,1,0,4,0,0,1
506,3,0,1,0,5,0,0,0,1,1,0,1,4,0,2,0,0,1,0,3,0,0,2,0,0,1
507,2,0,0,0,1,0,4,1,2,0,2,0,1,0,2,0,2,0,1,4,2,0,0,0,1,0
508,1,0,5,1,0,1,0,0,0,2,1,1,0,0,3,0,8,0,0,0,0,0,1,0,0,1
509,2,1,2,1,2,0,0,0,1,1,2,0,3,0,2,2,0,2,0,0,0,2,1,0,0,1
510,2,0,0,0,3,1,0,0,0,4,0,2,3,1,1,0,2,3,1,1,0,0,0,0,1,0
511,1,0,0,0,1,1,0,2,2,0,0,5,0,1,0,1,0,0,0,0,1,3,2,4,1,0
512,1,2,4,0,0,1,0,0,0,2,0,2,2,2,0,0,1,1,3,1,1,1,0,0,0,1
513,0,1,0,2,0,3,0,0,2,2,2,0,4,1,0,1,1,4,0,1,0,0,0,0,0,1
514,0,0,5,1,0,0,1,2,0,0,3,0,3,1,3,0,0,0,2,0,1,1,0,1,1,0
515,1,1,0,0,0,1,1,0,1,3,3,1,1,1,1,3,0,0,1,1,1,2,1,0,0,1
516,0,1,0,1,0,0,0,0,3,2,5,0,0,0,0,0,4,0,1,0,0,0,6,1,1,0
517,4,1,1,0,2,0,2,0,1,0,1,0,3,0,2,2,4,0,0,1,0,0,0,0,1,0
518,0,1,1,2,0,1,0,0,4,0,0,3,0,2,0,0,1,0,0,1,3,1,1,3,0,1
519,2,0,0,2,2,2,0,0,0,2,1,1,0,0,0,0,0,2,0,4,3,2,0,1,1,0
520,1,1,5,0,1,1,0,0,0,0,2,1,0,0,0,2,5,0,3,1,0,0,1,0,1,0
521,0,0,0,0,1,0,0,5,0,1,0,5,0,0,0,0,2,1,0,8,1,0,0,0,1,0
522,3,2,2,0,0,1,0,0,0,2,2,0,1,0,0,0,1,3,1,1,1,0,1,3,0,1
523,0,0,1,2,3,1,0,1,0,0,3,1,1,2,0,3,0,0,2,0,1,0,0,3,0,1
524,0,0,6,0,0,0,0,2,1,2,1,0,1,0,1,0,3,4,0,1,1,1,0,0,1,0
525,1,0,3,0,3,0,1,0,2,1,1,0,0,3,5,0,0,0,0,1,0,0,2,1,0,1
526,0,1,0,0,0,0,5,1,2,1,1,1,0,1,0,1,5,0,1,1,1,0,2,0,1,0
527,0,3,1,5,0,0,0,1,0,0,0,2,7,3,0,1,0,0,1,0,0,0,0,0,0,1
528,1,0,1,0,1,0,2,1,4,1,0,1,3,2,0,0,1,2,0,0,3,0,1,0,0,1
529,0,0,0,3,1,2,0,3,0,3,0,0,1,3,1,0,3,0,1,0,2,0,0,1,1,0
530,0,1,1,3,0,1,0,0,2,0,2,2,0,0,3,1,0,0,1,2,0,0,5,0,1,0
531,1,1,1,1,0,4,0,2,1,0,0,1,0,0,0,2,1,2,0,3,2,0,1,1,1,0
532,1,0,0,0,2,0,3,6,0,0,0,0,0,0,0,0,5,4,0,1,0,2,0,0,0,1
533,0,0,1,3,0,0,2,0,3,1,0,2,0,1,1,1,2,0,0,4,1,1,0,1,0,1
534,0,0,1,0,0,0,7,0,1,0,2,1,1,0,0,0,0,0,3,2,0,2,4,0,1,0
535,1,0,0,1,1,0,2,3,0,0,1,3,0,0,1,0,2,7,0,1,0,0,1,0,1,0
536,0,0,2,1,1,1,0,2,0,1,4,0,0,0,1,1,0,3,3,3,1,0,0,0,1,0
537,1,1,4,3,1,2,0,0,0,0,0,0,2,0,2,0,1,1,1,1,2,0,2,0,1,0
538,2,1,4,2,0,0,0,0,1,0,1,1,0,0,1,4,1,0,0,1,2,1,2,0,0,1
539,0,1,4,0,0,2,0,0,0,1,1,3,0,0,0,1,2,2,2,1,2,2,0,0,1,0
540,2,2,0,0,0,0,0,2,0,4,0,2,0,0,0,3,0,4,0,0,0,1,3,1,0,1
541,0,0,2,0,0,1,0,2,3,0,1,3,1,3,3,0,1,0,0,2,1,0,1,0,0,1
542,1,0,0,3,1,2,0,3,0,0,0,2,0,3,1,0,1,0,4,0,1,2,0,0,0,1
543,0,0,0,0,2,0,0,0,0,0,4,6,4,3,0,0,0,0,1,0,0,0,3,1,0,1
544,0,5,3,0,1,0,1,0,1,1,0,0,1,2,0,0,0,1,0,1,3,0,4,0,0,1
545,0,0,0,0,2,0,0,3,1,5,0,1,0,0,0,4,2,3,0,1,2,0,0,0,0,1
546,0,5,1,0,2,0,1,1,0,2,0,0,2,2,0,1,0,0,1,0,0,0,2,4,0,1
547,1,0,0,0,1,0,1,0,0,1,6,2,0,0,0,0,2,0,2,3,5,0,0,0,0,1
548,0,2,1,2,4,0,0,0,0,0,0,3,1,0,0,0,6,0,0,0,1,1,2,1,0,1
549,0,3,1,0,1,2,1,2,2,0,0,0,1,0,0,1,2,5,0,0,2,0,1,0,0,1
550,1,0,1,0,2,0,3,2,0,2,1,0,0,0,1,0,0,1,0,2,4,4,0,0,0,1
551,1,1,0,0,2,1,1,1,4,1,0,0,0,2,0,0,1,0,3,0,3,3,0,0,0,1
552,2,0,2,0,0,0,2,0,0,0,2,4,0,2,4,0,0,1,0,0,0,1,0,4,0,1
553,0,0,0,1,0,6,0,2,0,1,1,1,2,0,1,2,0,1,1,1,0,1,2,1,0,1
554,2,0,0,0,0,4,1,1,1,2,0,1,0,0,0,6,0,2,2,0,1,1,0,0,1,0
555,3,0,0,0,0,7,0,0,1,1,0,0,1,0,1,2,2,0,0,0,1,3,2,0,0,1
556,2,1,2,0,3,1,0,0,0,1,2,0,0,0,1,3,0,0,2,2,0,1,1,2,0,1
557,0,5,0,4,1,0,0,0,0,0,0,2,0,1,0,0,2,6,1,2,0,0,0,0,0,1
558,4,1,2,3,0,0,1,0,0,0,1,0,4,1,1,2,0,2,0,1,0,1,0,0,1,0
559,1,0,0,0,0,1,2,2,1,3,0,2,1,1,0,0,1,1,1,3,0,2,0,2,1,0
560,0,1,0,0,4,0,3,2,0,2,0,0,3,1,0,1,0,0,0,0,4,2,1,0,1,0
561,1,0,0,3,0,0,4,0,0,1,1,2,2,0,0,1,0,1,2,2,0,4,0,0,1,0
562,0,2,1,0,1,0,0,2,1,3,0,2,2,0,0,0,1,1,2,0,1,3,0,2,0,1
563,5,0,0,0,0,1,2,1,2,1,0,0,2,0,0,1,0,1,0,6,2,0,0,0,0,1
564,0,0,0,0,2,0,0,1,0,5,0,4,1,4,0,0,1,0,0,4,0,1,0,1,0,1
565,0,0,2,0,1,2,3,0,3,1,0,0,0,1,0,2,0,1,3,0,0,1,4,0,1,0
566,0,0,1,0,3,4,1,0,2,0,0,1,1,3,0,3,0,1,2,0,0,2,0,0,1,0
567,0,2,0,0,0,2,4,0,2,1,0,1,1,0,0,2,0,1,3,4,0,0,0,1,0,1
568,0,1,1,1,1,0,1,0,7,0,0,0,0,1,3,1,1,0,2,0,0,2,2,0,0,1
569,0,0,0,2,3,1,0,0,0,5,0,1,0,0,2,0,3,3,0,4,0,0,0,0,0,1
570,1,0,0,1,0,1,1,0,0,0,0,8,0,2,0,0,2,1,2,0,2,2,1,0,1,0
571,0,1,0,4,1,3,0,0,0,3,0,0,0,0,0,0,0,4,1,2,1,0,4,0,1,0
572,0,1,0,2,0,0,0,0,3,5,1,0,4,1,0,0,1,4,0,1,0,0,1,0,0,1
573,0,1,0,3,1,1,2,1,0,3,0,0,2,0,3,0,1,0,2,1,0,1,1,1,0,1
574,0,0,4,2,0,0,2,0,1,3,0,0,4,0,1,0,0,0,0,1,1,5,0,0,0,1
575,4,0,2,0,1,0,0,2,3,0,0,0,1,1,1,0,3,1,2,0,0,0,1,2,0,1
576,0,1,0,0,2,3,0,1,0,0,1,4,0,0,0,0,6,1,3,0,1,1,0,0,1,0
577,0,1,2,0,0,1,1,1,3,2,0,1,0,1,1,0,1,0,0,5,2,0,1,1,1,0
578,1,1,0,1,0,1,1,5,1,0,1,0,0,2,0,0,0,0,0,1,1,3,1,4,1,0
579,1,0,3,0,0,0,2,1,1,1,1,2,4,2,1,0,0,0,0,1,0,0,3,1,1,0
580,2,1,0,0,1,0,0,6,0,0,1,1,1,0,0,2,2,1,0,0,5,0,1,0,0,1
581,0,1,0,0,3,2,3,2,0,1,0,0,0,0,1,1,0,0,0,2,3,3,2,0,0,1
582,1,1,1,0,1,3,1,2,1,0,0,1,0,2,0,0,0,6,0,0,2,1,0,1,1,0
583,1,2,0,0,1,0,1,1,0,0,0,6,1,1,0,1,0,2,1,0,2,1,0,3,0,1
584,2,0,2,0,1,0,1,2,1,0,1,2,1,0,1,0,0,1,1,0,3,1,2,2,0,1
585,0,0,1,0,0,1,2,0,0,0,8,0,2,0,2,0,1,3,0,0,0,1,1,2,0,1
586,1,6,0,0,0,0,0,0,1,3,1,0,0,3,0,0,5,0,1,0,0,2,1,0,0,1
587,1,1,0,3,2,0,1,0,3,0,1,0,0,2,4,0,2,2,0,1,0,0,1,0,1,0
588,0,2,0,0,3,0,4,1,0,0,1,1,0,5,0,0,1,2,0,3,1,0,0,0,0,1
589,0,7,0,0,0,2,1,0,0,0,2,0,0,1,6,1,2,1,0,0,0,1,0,0,0,1
590,2,1,0,0,0,0,0,0,1,5,2,1,0,1,0,1,1,0,0,0,0,2,4,3,0,1
591,1,1,3,0,4,0,0,0,1,0,1,1,1,1,0,0,1,1,0,2,3,0,1,2,1,0
592,2,0,1,4,2,1,0,0,0,0,2,0,0,1,0,5,0,3,0,0,1,0,0,2,1,0
593,1,0,1,2,2,1,1,2,1,0,1,0,0,3,1,0,1,0,0,0,1,0,6,0,1,0
594,0,2,0,1,2,0,2,0,0,3,0,2,0,4,0,0,1,3,1,2,0,1,0,0,1,0
595,0,1,0,1,0,0,0,1,3,1,0,5,0,0,0,5,0,0,0,1,5,1,0,0,0,1
596,0,0,6,0,2,2,1,0,1,0,0,0,1,0,2,1,0,0,4,1,0,2,0,1,1,0
597,1,0,1,0,2,0,2,0,1,1,4,0,1,1,2,1,0,1,2,0,4,0,0,0,1,0
598,0,0,0,0,1,0,0,5,1,4,0,1,0,0,2,0,4,1,0,0,2,0,3,0,0,1
599,0,0,0,0,0,5,0,3,0,0,0,4,0,1,0,0,1,2,0,4,2,0,2,0,0,1
600,1,5,0,0,1,0,0,0,4,0,1,0,0,2,3,0,0,0,1,4,2,0,0,0,0,1
601,3,0,0,1,2,0,3,1,0,0,0,2,2,1,0,2,2,1,0,0,0,2,1,1,0,1
602,0,0,0,3,6,2,0,1,0,0,0,0,0,1,0,3,0,0,0,4,0,3,1,0,0,1
603,1,1,2,5,0,0,1,0,1,1,0,0,0,0,1,0,0,3,0,0,0,4,3,1,0,1
604,0,2,0,2,3,2,0,1,0,0,2,0,0,0,0,0,0,1,0,2,0,0,6,3,1,0
605,0,0,0,1,1,0,2,0,1,5,2,0,3,0,1,0,6,0,0,0,0,1,0,1,0,1
606,3,0,2,1,3,1,0,1,0,0,1,0,0,2,3,0,1,0,0,3,0,0,2,1,1,0
607,0,4,2,0,2,0,0,3,0,0,0,1,0,1,0,3,1,1,1,2,1,0,1,1,1,0
608,0,0,5,2,0,0,2,0,0,0,0,3,1,0,0,2,0,1,2,2,1,3,0,0,0,1
609,0,0,1,1,1,1,3,3,1,0,0,1,2,1,1,4,0,2,0,0,1,1,0,0,1,0
610,1,0,4,0,0,0,1,0,1,3,1,1,1,1,0,2,0,1,1,2,1,0,1,2,1,0
611,1,1,0,1,1,3,1,4,0,0,0,0,1,3,0,0,0,0,3,0,3,1,0,1,1,0
612,0,1,1,0,2,3,1,0,0,3,0,1,1,1,0,1,0,1,1,5,1,1,0,0,0,1
613,0,0,1,1,0,0,3,0,7,0,0,0,2,2,0,2,0,0,2,0,0,0,2,2,0,1
614,0,0,2,1,0,3,2,0,0,0,4,0,0,0,2,0,1,0,0,0,2,2,1,4,1,0
615,1,0,3,0,5,1,0,1,0,1,0,0,0,0,0,1,0,2,0,4,1,0,2,2,0,1
616,1,0,1,1,2,2,1,0,0,4,0,0,0,0,1,0,0,3,2,2,2,1,0,1,0,1
617,0,0,0,2,4,0,1,1,0,0,1,3,0,3,0,2,0,1,0,2,0,0,1,3,0,1
618,1,0,0,4,0,1,0,0,2,0,4,0,2,2,0,4,1,1,0,0,1,0,0,1,1,0
619,0,6,0,0,1,0,0,3,0,2,0,0,0,3,1,2,1,0,0,2,0,3,0,0,1,0
620,0,3,0,0,2,3,0,1,0,2,0,1,5,1,0,0,0,0,1,2,2,1,0,0,1,0
621,0,3,0,0,1,0,1,2,2,0,1,2,2,0,0,0,0,0,1,8,0,0,1,0,1,0
622,1,2,1,0,1,0,0,3,0,0,2,2,2,1,2,0,1,0,0,0,0,4,1,1,0,1
623,0,4,0,0,0,0,2,0,0,3,1,2,0,1,1,2,0,0,1,0,0,3,2,2,0,1
624,1,1,0,0,2,1,1,2,0,1,0,3,0,2,0,0,1,0,1,0,0,8,0,0,0,1
625,4,1,1,1,0,0,0,1,0,2,2,0,2,4,0,2,1,0,2,0,0,1,0,0,1,0
626,5,1,1,0,0,0,0,5,0,0,0,0,2,0,1,0,1,1,1,0,0,0,4,2,1,0
627,1,3,2,0,0,3,0,0,1,0,1,1,0,0,0,1,1,2,2,1,0,0,0,5,1,0
628,0,0,0,5,0,3,1,2,0,1,0,0,0,0,3,0,0,0,3,0,0,3,0,3,1,0
629,2,0,0,1,0,0,0,5,0,3,1,0,0,3,1,1,0,0,3,2,0,0,2,0,1,0
630,2,3,0,0,0,0,0,0,0,5,2,0,3,0,0,1,0,0,0,1,0,4,2,1,1,0
631,3,0,0,0,1,0,4,0,0,3,0,1,0,1,1,0,1,2,2,0,3,1,0,1,0,1
632,2,1,1,0,0,1,2,2,2,1,0,0,2,1,0,1,1,0,0,0,2,3,0,2,0,1
633,0,0,0,1,0,0,7,0,0,0,0,4,1,2,2,0,0,2,0,5,0,0,0,0,0,1
634,0,0,2,0,2,0,2,2,0,4,0,0,0,0,4,0,3,4,0,0,1,0,0,0,0,1
635,0,1,2,0,0,0,0,0,2,0,1,6,0,0,2,0,0,0,1,0,2,0,1,6,0,1
636,2,5,0,0,0,0,0,1,2,0,0,2,1,3,2,0,0,0,0,0,3,1,1,1,0,1
637,2,0,0,0,0,0,2,0,4,0,3,1,0,0,2,2,0,0,0,6,0,1,1,0,1,0
638,0,0,4,2,1,0,0,1,2,0,1,1,1,4,1,1,1,0,0,0,0,0,4,0,1,0
639,2,0,2,2,0,0,0,0,1,2,1,2,0,4,0,2,0,0,0,4,0,0,2,0,0,1
640,0,0,2,0,3,1,0,2,0,4,0,0,0,2,3,1,1,0,0,0,0,1,1,3,0,1
641,0,2,1,0,2,1,0,1,1,4,0,0,0,0,0,4,0,0,0,4,1,0,1,2,0,1
642,3,0,0,0,2,3,0,0,1,0,0,3,2,0,0,0,3,1,1,0,3,0,0,2,0,1
643,0,0,1,0,1,1,4,0,2,3,0,0,8,0,0,0,0,2,1,0,0,0,1,0,1,0
644,0,1,2,0,1,4,1,0,0,1,0,2,0,4,1,3,0,0,1,0,0,1,2,0,0,1
645,0,1,0,4,2,0,1,1,1,0,0,2,0,1,1,0,0,0,0,1,2,6,0,1,1,0
646,0,0,0,0,0,1,0,1,3,0,0,7,1,2,1,1,1,0,2,0,0,3,0,1,0,1
647,0,0,1,0,1,0,1,2,2,0,2,3,2,0,0,6,1,1,0,1,1,0,0,0,1,0
648,0,2,0,0,0,2,0,1,4,2,0,1,0,0,1,0,1,0,2,0,0,0,6,2,1,0
649,0,0,1,2,1,1,5,2,0,0,0,0,1,0,0,0,3,6,1,0,0,0,0,1,1,0
650,0,2,2,0,3,0,1,0,1,1,0,2,1,0,1,2,0,0,3,0,1,1,3,0,0,1
651,1,2,0,0,3,1,0,0,0,5,0,0,0,5,0,0,0,0,0,4,0,0,1,2,1,0
652,0,0,0,0,1,0,1,2,2,2,1,3,0,3,1,1,0,3,3,0,0,1,0,0,1,0
653,1,0,2,5,0,2,0,0,1,1,0,0,0,1,3,0,0,4,1,0,3,0,0,0,1,0
654,1,0,2,0,0,0,0,1,2,3,1,2,1,0,0,2,0,0,0,3,1,1,4,0,0,1
655,0,0,3,0,0,0,1,1,1,1,0,5,1,2,0,1,0,2,0,2,0,3,0,1,0,1
656,0,0,1,1,0,0,0,0,2,1,1,6,3,0,0,1,0,3,2,2,0,0,1,0,1,0
657,2,1,2,0,0,2,0,0,1,1,0,3,3,1,1,3,0,0,0,1,2,1,0,0,1,0
658,3,0,0,2,0,0,2,0,3,0,2,0,4,1,0,2,0,5,0,0,0,0,0,0,0,1
659,2,3,1,1,0,5,0,0,0,0,0,0,0,0,1,1,1,1,1,1,2,1,1,2,1,0
660,0,4,0,2,0,1,2,1,1,0,1,0,0,0,1,1,1,1,1,1,0,0,6,0,1,0
661,0,1,3,0,0,0,0,0,1,5,2,0,0,0,1,0,1,0,4,5,0,0,1,0,0,1
662,1,0,0,0,1,2,2,2,0,0,0,4,0,1,0,1,1,0,1,3,0,3,0,2,0,1
663,2,0,0,2,1,0,2,0,0,1,0,4,0,2,0,4,4,0,0,1,0,1,0,0,0,1
664,0,0,1,3,0,0,2,2,0,3,1,0,0,1,1,2,0,1,0,1,2,2,1,1,0,1
665,0,0,0,1,4,0,1,2,4,0,0,0,1,3,2,0,2,1,1,0,0,0,1,1,0,1
666,2,4,0,0,4,1,0,0,0,0,0,1,0,1,2,0,2,0,2,2,0,1,1,1,1,0
667,4,0,0,0,1,0,4,0,0,1,2,0,1,1,0,6,0,1,1,0,2,0,0,0,0,1
668,0,0,1,1,0,6,1,0,0,0,0,3,2,2,2,0,0,0,1,0,3,1,1,0,1,0
669,2,0,1,0,7,0,0,2,0,0,0,0,0,1,0,0,2,0,1,3,2,0,3,0,0,1
670,3,0,0,6,0,0,0,2,0,1,0,0,2,0,0,3,0,1,5,1,0,0,0,0,1,0
671,2,1,2,0,4,0,0,0,0,1,1,1,1,0,0,2,3,0,0,0,0,1,1,4,0,1
672,0,0,5,1,2,1,0,0,1,0,1,1,2,0,3,0,0,0,0,3,0,0,3,1,0,1
673,1,1,1,0,3,0,0,2,2,2,0,0,3,1,1,1,0,1,2,1,0,2,0,0,0,1
674,2,0,2,1,2,0,0,2,1,0,2,0,1,0,1,0,1,0,1,4,1,1,0,2,1,0
675,4,3,1,0,1,1,0,0,0,1,1,0,0,0,0,2,7,0,3,0,0,0,0,0,1,0
676,1,0,0,4,3,1,0,0,3,0,0,0,1,0,3,2,1,1,1,2,0,1,0,0,0,1
677,1,0,0,1,0,3,2,0,2,0,2,1,2,0,1,0,0,2,1,3,0,0,3,0,1,0
678,2,4,2,0,1,0,0,0,1,1,1,0,0,1,0,2,1,2,0,1,0,2,2,1,0,1
679,3,0,1,1,3,1,0,1,2,0,0,0,0,2,1,0,1,4,0,4,0,0,0,0,1,0
680,0,1,3,1,0,1,0,1,1,1,1,2,1,1,0,1,0,0,6,0,1,0,1,1,0,1
681,1,1,0,5,1,0,1,1,1,0,0,1,0,0,1,1,1,0,0,3,1,0,4,1,0,1
682,0,0,0,0,1,0,5,2,0,3,0,1,0,0,2,0,3,3,0,0,1,0,1,2,1,0
683,1,3,1,2,1,1,0,0,0,0,3,0,0,0,1,1,2,4,3,0,0,1,0,0,1,0
684,0,1,0,1,4,1,0,2,0,2,1,0,1,1,1,0,1,0,1,3,1,1,1,1,0,1
685,1,1,0,3,0,5,0,0,1,0,0,1,0,0,1,1,2,7,0,0,0,1,0,0,1,0
686,1,0,0,1,0,0,0,2,5,0,0,3,0,1,1,0,0,0,0,2,0,0,5,3,1,0
687,3,0,2,0,0,3,1,0,1,1,1,0,0,1,1,1,4,1,0,1,0,0,1,2,0,1
688,0,0,2,2,1,1,0,4,1,0,1,0,0,5,1,0,1,2,3,0,0,0,0,0,0,1
689,5,1,1,0,0,0,3,1,0,0,0,1,0,1,2,0,3,1,0,0,0,1,3,1,1,0
690,0,3,0,0,3,2,0,0,2,0,2,0,0,0,2,0,0,0,3,0,0,0,1,6,1,0
691,0,1,0,1,0,5,3,0,0,0,2,0,0,0,2,0,0,1,0,2,0,2,2,3,1,0
692,2,0,4,0,0,3,0,1,0,1,1,0,1,3,0,0,1,4,0,3,0,0,0,0,1,0
693,4,1,1,1,0,0,1,1,0,3,0,0,2,0,2,0,0,0,0,2,2,2,1,1,1,0
694,0,0,1,1,2,3,3,0,0,1,1,0,0,0,0,4,0,1,1,0,2,0,0,4,1,0
695,4,2,1,2,0,0,1,0,0,0,2,0,0,0,0,5,0,3,2,0,0,0,2,0,0,1
696,1,2,2,0,0,2,2,1,1,0,0,1,3,0,1,1,2,0,0,0,1,2,0,2,0,1
697,5,0,0,1,0,3,0,0,0,0,1,2,2,0,1,5,1,0,1,1,0,0,0,1,0,1
698,0,0,0,3,0,0,3,0,0,1,0,5,0,1,2,0,1,6,1,0,1,0,0,0,0,1
699,4,1,0,0,1,0,2,1,2,1,0,0,3,0,0,0,2,0,1,3,1,0,2,0,0,1
700,1,1,0,2,2,0,1,1,0,4,0,0,1,0,0,0,2,2,3,2,0,0,1,1,1,0
701,3,2,1,2,0,0,0,0,3,0,0,1,1,2,0,1,1,0,5,0,0,0,1,1,0,1
702,1,1,2,0,2,3,1,0,1,0,1,0,1,2,0,0,1,0,0,1,1,2,2,2,1,0
703,3,1,0,1,1,0,3,0,1,2,0,0,0,3,1,0,0,0,0,0,0,2,6,0,1,0
704,2,0,1,0,0,0,3,3,0,2,1,0,1,0,0,0,0,1,1,0,0,0,1,8,1,0
705,0,0,0,1,2,2,0,1,0,3,2,1,0,0,1,4,1,3,0,0,0,0,1,2,1,0
706,1,1,0,1,0,2,1,1,0,2,1,2,3,2,0,1,3,0,0,0,1,1,1,0,1,0
707,0,0,2,2,0,0,1,0,2,0,0,5,0,1,0,0,3,1,1,0,2,3,1,0,1,0
708,0,1,1,2,0,0,2,0,2,2,1,1,0,2,0,0,3,0,2,1,0,2,0,2,0,1
709,1,1,0,0,0,2,3,0,0,3,0,2,1,0,3,4,0,0,0,1,2,1,0,0,0,1
710,2,0,0,1,0,1,1,0,2,0,4,1,1,1,0,0,0,3,1,1,1,2,1,1,0,1
711,4,0,0,0,1,1,2,0,1,0,0,3,0,2,1,0,1,2,1,0,2,1,1,1,0,1
712,1,1,2,0,0,1,1,0,0,2,2,2,0,0,1,3,1,3,1,0,0,0,0,3,1,0
713,0,0,1,0,3,1,1,0,2,2,2,0,1,0,0,1,0,2,2,2,2,0,2,0,0,1
714,3,1,0,0,0,0,0,2,0,5,1,0,1,0,2,0,2,0,0,3,0,1,1,2,0,1
715,0,0,1,0,0,0,2,0,1,0,2,6,1,4,2,0,1,0,0,0,2,1,0,1,1,0
716,3,0,1,2,0,1,0,2,0,3,0,0,0,1,2,0,2,0,0,2,1,1,1,2,0,1
717,1,0,3,0,1,1,0,5,0,1,0,0,3,1,0,0,4,2,0,0,0,0,2,0,0,1
718,0,0,0,1,0,2,1,5,1,2,0,0,0,0,0,2,0,3,3,0,1,1,2,0,0,1
719,3,0,0,0,0,1,1,0,4,2,1,0,2,1,4,0,1,0,0,0,2,0,2,0,1,0
720,0,1,2,0,1,0,0,0,7,0,1,0,1,0,1,0,1,0,2,0,0,2,3,2,1,0
721,0,1,3,1,0,0,2,0,0,2,1,2,1,2,1,0,0,1,2,0,0,0,4,1,0,1
722,2,1,0,1,0,1,0,0,1,0,5,1,2,0,2,1,0,0,2,0,2,0,0,3,1,0
723,0,1,0,0,1,5,0,1,1,0,3,0,0,1,0,0,0,2,0,0,6,1,1,1,1,0
724,1,2,1,4,0,0,0,0,0,3,0,1,0,4,0,4,3,0,0,0,0,0,1,0,0,1
725,0,0,3,1,0,3,0,0,5,0,0,0,0,0,0,0,4,1,1,3,0,1,1,1,1,0
726,1,0,1,1,0,4,2,0,1,2,0,0,0,0,0,1,0,4,2,0,2,2,1,0,1,0
727,0,2,1,2,0,1,0,0,1,0,1,4,1,0,3,1,0,2,0,0,0,2,2,1,0,1
728,0,1,0,2,0,4,0,0,2,2,0,1,0,0,1,0,1,1,2,1,3,3,0,0,0,1
729,1,0,0,3,0,1,1,1,0,0,0,5,2,2,1,1,0,5,1,0,0,0,0,0,1,0
730,0,0,0,1,2,0,0,0,1,6,1,1,2,0,0,1,0,0,1,1,5,0,1,1,0,1
731,0,0,2,2,2,2,1,0,2,1,0,0,2,4,0,0,0,0,1,0,2,2,1,0,0,1
732,0,0,2,0,0,2,0,8,0,0,0,0,0,1,2,2,0,0,0,0,0,1,5,1,1,0
733,1,1,0,3,0,0,4,1,0,0,2,0,0,0,1,0,3,5,0,2,0,0,1,0,0,1
734,0,1,1,0,3,2,0,1,1,1,0,2,2,1,0,1,0,2,2,1,0,0,2,1,0,1
735,2,0,1,0,0,2,1,0,0,0,2,4,1,1,1,0,2,2,1,2,1,1,0,0,1,0
736,2,0,3,0,0,1,0,2,1,0,2,1,2,0,2,1,0,1,2,1,1,1,1,0,1,0
737,2,0,1,1,1,1,0,0,3,0,3,0,2,1,1,5,0,0,0,0,1,0,1,1,1,0
738,1,0,1,0,1,1,4,0,0,2,2,0,1,2,0,3,0,1,1,0,0,0,2,2,1,0
739,4,0,0,1,1,1,2,1,0,0,1,1,1,1,1,4,0,0,0,3,1,0,0,1,0,1
740,0,2,0,0,0,4,0,1,2,1,2,0,0,1,0,2,0,1,3,1,2,0,0,2,0,1
741,0,0,0,0,0,6,0,0,0,1,2,3,1,1,2,0,0,1,2,1,1,2,0,1,0,1
742,1,0,0,1,0,3,2,0,0,4,0,1,2,0,1,0,3,1,3,0,2,0,0,0,0,1
743,2,1,0,2,0,1,0,0,0,3,3,0,2,1,0,0,7,0,0,0,0,0,1,1,0,1
744,4,0,0,1,3,0,0,1,1,1,1,0,2,0,2,0,1,2,0,2,0,1,1,1,1,0
745,2,0,2,3,0,3,0,1,0,1,0,0,0,2,0,2,2,0,3,0,0,0,2,1,1,0
746,0,3,0,1,0,0,0,2,0,4,0,2,0,1,0,1,1,0,0,2,0,4,1,2,0,1
747,0,0,0,0,0,7,1,0,2,0,0,2,0,1,0,2,4,1,0,0,1,0,0,3,0,1
748,0,3,0,0,0,2,0,0,4,3,0,0,0,4,0,0,0,1,0,0,2,2,1,2,1,0
749,4,0,3,1,1,0,2,0,0,0,1,0,2,0,2,0,0,4,0,1,2,0,0,1,1,0
750,2,1,0,4,0,0,0,2,3,0,0,0,0,3,1,2,2,0,3,1,0,0,0,0,0,1
751,1,1,0,3,1,0,1,0,0,5,0,0,1,0,2,0,0,2,0,0,0,1,0,6,1,0
752,3,0,5,0,0,0,0,1,1,0,0,2,0,0,1,3,0,0,0,1,1,3,1,2,0,1
753,3,0,1,0,0,0,2,0,2,2,1,1,0,1,1,0,2,0,1,0,0,0,0,7,0,1
754,0,0,0,1,3,2,1,1,0,0,3,1,3,2,0,0,0,0,0,1,1,0,4,1,1,0
755,0,1,2,3,0,0,1,2,0,2,1,0,1,0,0,0,4,2,0,0,0,0,4,1,0,1
756,1,2,1,2,2,0,1,2,0,0,1,0,3,0,2,0,3,1,0,0,0,2,0,1,0,1
757,1,2,0,2,3,0,0,0,3,1,0,0,2,0,0,2,3,0,0,3,0,0,0,2,0,1
758,1,1,0,0,0,2,0,0,0,8,0,0,0,0,1,3,0,0,4,2,0,0,1,1,0,1
759,0,3,0,0,0,0,3,0,3,0,3,0,0,0,2,3,1,1,2,0,0,2,0,1,0,1
760,0,3,0,3,0,0,0,1,1,3,1,0,1,1,0,1,0,4,0,2,2,1,0,0,1,0
761,0,0,0,0,0,0,0,2,0,6,2,2,4,0,0,4,0,0,0,1,0,1,2,0,1,0
762,0,0,0,1,0,0,3,0,5,2,1,0,0,2,1,4,1,0,0,0,1,0,2,1,1,0
763,0,5,1,1,0,0,2,3,0,0,0,0,1,0,2,0,0,0,0,4,1,4,0,0,0,1
764,1,2,0,2,0,0,3,0,1,0,2,1,0,0,3,5,0,2,0,0,0,0,1,1,0,1
765,1,0,1,0,1,2,1,0,0,4,1,1,4,1,0,1,1,0,1,0,3,0,1,0,0,1
766,1,2,4,0,0,0,2,2,0,0,0,1,1,3,0,1,2,0,1,1,0,0,0,3,0,1
767,1,0,4,0,0,0,2,0,0,0,5,0,2,1,2,2,0,2,2,0,0,1,0,0,0,1
768,2,0,0,1,0,0,0,1,4,0,0,4,2,0,1,1,1,0,2,1,1,0,2,1,1,0
769,3,0,0,0,0,6,1,1,0,1,0,0,1,2,0,0,3,0,0,0,6,0,0,0,1,0
770,0,0,4,0,0,0,0,1,3,2,1,1,0,2,5,2,0,0,0,0,1,0,1,1,1,0
771,0,0,0,4,3,1,1,0,3,0,0,0,4,2,0,0,2,0,3,1,0,0,0,0,0,1
772,2,0,0,1,0,0,0,3,5,1,0,0,0,4,0,1,1,0,2,0,2,0,2,0,1,0
773,5,0,0,2,0,3,0,0,2,0,0,0,0,1,4,3,0,1,0,0,2,0,0,1,1,0
774,0,0,1,4,0,2,0,1,1,0,0,3,1,0,0,1,0,8,0,0,0,0,0,2,1,0
775,2,0,2,2,0,1,2,1,1,0,1,0,0,0,2,3,0,4,0,0,0,1,2,0,0,1
776,0,1,5,0,0,0,0,0,0,1,2,3,0,0,0,0,5,2,3,0,0,0,0,2,0,1
777,1,1,0,0,0,1,0,2,2,4,1,0,1,1,5,0,0,2,0,0,0,2,1,0,0,1
778,1,0,1,0,0,1,2,1,0,4,2,0,0,4,2,0,0,0,0,2,0,0,1,3,1,0
779,0,1,0,1,1,2,2,0,1,1,1,2,0,0,1,0,0,0,0,5,0,1,4,1,1,0
780,0,2,2,4,0,1,0,0,1,0,2,0,1,1,1,1,0,2,2,3,0,0,1,0,0,1
781,0,0,1,0,0,5,0,0,1,4,1,0,2,0,3,0,0,0,2,1,0,0,0,4,1,0
782,1,0,0,0,1,4,0,1,0,1,2,2,0,4,0,1,0,1,0,5,0,1,0,0,0,1
783,0,5,0,5,0,0,0,1,0,0,0,1,1,1,2,0,0,4,0,1,0,2,0,1,0,1
784,0,0,3,2,1,0,0,2,3,1,0,0,0,0,1,2,1,2,0,1,2,1,1,1,0,1
785,2,1,0,3,1,0,1,0,0,0,4,0,3,1,1,4,0,0,0,0,0,3,0,0,0,1
786,0,1,1,0,0,2,0,5,0,2,1,0,1,1,1,1,3,1,2,0,2,0,0,0,0,1
787,0,1,1,1,1,2,0,1,1,1,2,1,2,2,0,2,0,0,3,2,1,0,0,0,0,1
788,0,1,0,5,3,0,0,0,0,3,0,0,4,0,1,0,1,0,1,0,0,0,4,1,1,0
789,0,0,1,1,1,0,2,1,3,1,2,0,0,1,2,0,0,2,1,0,0,6,0,0,1,0
790,1,1,0,0,1,1,0,1,0,2,2,3,1,2,1,1,4,0,0,1,0,0,1,1,1,0
791,0,1,5,0,3,0,0,1,1,0,1,0,3,0,1,0,2,0,0,2,0,2,0,2,1,0
792,2,1,0,0,3,0,2,0,2,1,0,1,1,0,0,4,0,0,2,2,0,0,0,3,0,1
793,0,0,0,0,2,2,0,2,1,0,2,3,2,1,0,0,1,2,1,1,2,2,0,0,1,0
794,0,0,2,1,2,3,1,2,1,0,0,0,0,0,3,2,0,2,0,0,0,2,2,1,1,0
795,1,1,0,2,1,0,1,1,1,2,0,2,1,0,0,1,2,2,0,1,1,3,0,1,0,1
796,0,1,2,1,0,0,1,2,0,0,0,5,1,0,5,1,0,0,1,2,0,0,2,0,1,0
797,2,0,1,0,1,1,1,0,1,3,2,0,0,0,1,4,0,2,0,0,0,4,1,0,1,0
798,0,0,0,1,0,0,1,1,0,2,2,5,1,0,2,2,0,0,2,4,0,1,0,0,0,1
799,1,1,1,0,0,2,4,1,2,0,0,0,3,1,0,0,0,0,2,1,1,0,4,0,1,0
800,1,3,0,0,0,0,2,2,0,1,0,3,0,0,0,0,1,0,1,1,6,1,1,1,1,0
801,0,5,0,0,3,2,0,0,0,1,0,1,3,1,0,0,2,0,1,1,2,1,0,1,1,0
802,1,2,0,0,0,0,4,1,1,2,0,1,0,0,2,2,2,0,1,0,3,0,2,0,1,0
803,0,1,0,1,0,1,3,1,0,4,1,0,0,2,2,0,0,0,2,1,0,4,0,1,0,1
804,0,2,0,2,2,0,0,1,1,0,2,2,1,2,0,1,1,4,1,1,1,0,0,0,1,0
805,0,1,1,0,3,0,0,2,1,4,0,0,0,0,0,0,3,6,3,0,0,0,0,0,1,0
806,0,0,0,1,5,0,0,0,3,0,1,2,1,3,0,1,0,0,1,2,2,0,0,2,0,1
807,1,0,0,0,0,0,0,5,0,3,0,3,0,1,2,0,0,0,1,0,1,0,6,1,1,0
808,1,1,0,0,4,0,1,0,1,0,0,4,2,3,0,0,0,3,0,0,0,0,2,2,0,1
809,4,1,0,2,0,0,0,1,1,1,0,2,0,6,0,1,0,4,0,0,0,0,1,0,1,0
810,0,0,0,1,2,0,2,1,3,0,0,3,0,1,2,1,1,0,3,0,1,2,0,1,0,1
811,1,3,1,0,1,1,0,0,4,0,1,0,1,0,3,0,3,1,0,0,4,0,0,0,0,1
812,1,1,2,2,3,0,0,1,1,0,1,0,1,1,3,0,1,0,0,1,3,1,0,1,1,0
813,0,0,0,2,0,2,0,0,3,0,0,5,0,5,0,0,2,0,0,2,0,0,1,2,0,1
814,0,0,1,5,0,3,0,1,0,0,1,1,0,0,4,0,1,0,0,0,2,0,1,4,1,0
815,2,1,3,0,0,0,0,0,4,0,1,1,3,0,0,0,1,0,4,1,0,2,0,1,0,1
816,0,0,5,1,1,0,0,2,0,0,0,3,4,3,0,0,1,1,0,1,1,0,0,1,0,1
817,2,2,1,0,1,0,1,0,1,0,3,1,3,1,0,0,0,1,2,1,1,0,3,0,0,1
818,1,3,0,1,1,1,0,1,4,0,0,0,0,2,2,0,0,0,2,0,2,2,1,1,1,0
819,0,0,2,1,3,0,1,3,0,1,0,1,0,0,0,1,1,1,0,1,6,0,2,0,0,1
820,0,1,2,0,0,1,1,2,0,2,1,2,2,2,0,0,1,0,1,1,2,0,3,0,0,1
821,1,6,0,1,0,0,0,1,0,0,3,0,1,2,0,1,0,1,1,2,0,1,3,0,1,0
822,1,1,0,5,1,1,1,0,0,0,0,2,1,0,1,1,0,1,0,1,1,1,1,4,0,1
823,0,0,5,0,1,0,2,1,1,0,1,1,0,1,0,1,0,1,2,0,1,2,2,2,0,1
824,1,1,0,0,1,1,0,1,0,4,3,0,0,0,1,2,4,0,1,3,0,1,0,0,1,0
825,0,0,3,0,0,2,0,0,3,3,0,1,2,1,1,0,0,0,2,0,0,3,2,1,1,0
826,0,2,0,0,0,0,1,0,2,0,1,6,1,0,1,0,0,1,0,2,2,0,5,0,1,0
827,0,1,1,3,0,6,0,0,0,0,0,1,2,2,1,5,0,1,0,0,1,0,0,0,1,0
828,1,0,0,7,0,0,1,0,0,1,2,0,2,1,2,0,1,2,0,0,1,2,1,0,1,0
829,0,2,0,3,2,0,1,0,1,0,3,0,1,0,1,2,1,0,1,0,3,2,0,1,1,0
830,0,1,1,0,2,0,3,2,1,1,0,1,1,2,0,2,1,3,2,0,0,0,1,0,0,1
831,1,1,0,1,0,0,2,0,0,3,0,4,0,1,0,1,3,2,0,1,2,1,0,1,0,1
832,0,0,4,0,0,0,1,1,0,0,6,0,2,0,1,1,0,2,0,5,0,1,0,0,0,1
833,0,4,1,3,0,1,1,1,1,0,0,0,1,0,3,0,0,2,0,3,0,1,0,2,0,1
834,0,1,0,0,0,2,4,2,2,0,0,1,0,0,4,0,0,2,1,3,0,0,0,2,0,1
835,0,2,2,5,0,0,1,1,0,1,0,0,1,0,3,0,0,0,2,0,5,1,0,0,1,0
836,5,0,1,0,2,2,0,0,0,2,0,0,1,0,1,0,7,1,0,0,1,1,0,0,0,1
837,1,0,2,0,1,1,1,1,3,1,0,1,1,0,0,2,0,2,1,3,2,0,0,1,0,1
838,0,1,2,1,1,2,0,1,0,2,2,0,0,0,1,5,0,4,0,0,0,1,0,1,1,0
839,0,1,0,0,0,1,1,1,2,0,3,3,0,2,2,2,1,1,1,0,0,1,2,0,0,1
840,0,0,0,1,0,1,0,3,1,2,1,3,0,4,1,1,0,1,2,0,1,0,2,0,1,0
841,1,1,1,0,2,1,1,0,1,4,0,0,2,1,1,0,3,0,2,2,0,1,0,0,1,0
842,0,3,1,0,2,0,0,0,1,3,0,2,0,0,4,0,2,0,0,0,1,2,2,1,0,1
843,5,1,0,1,0,0,0,0,0,3,0,2,1,1,0,0,2,2,1,0,0,0,1,4,1,0
844,0,0,0,0,0,1,0,3,3,0,3,2,2,1,3,3,0,0,1,0,2,0,0,0,0,1
845,0,1,0,1,0,2,1,0,3,3,0,1,0,1,0,1,5,0,0,4,0,0,1,0,0,1
846,1,0,1,0,1,2,2,0,2,0,1,2,0,0,5,0,0,0,3,2,0,2,0,0,1,0
847,1,0,2,2,0,1,1,0,2,2,0,1,2,0,0,0,1,3,0,0,2,0,4,0,0,1
848,0,2,1,2,0,4,0,1,0,0,2,0,1,0,2,2,0,0,0,0,1,4,2,0,1,0
849,1,0,0,1,3,0,0,2,2,0,1,2,5,0,1,0,2,1,1,1,1,0,0,0,1,0
850,2,1,0,1,0,1,0,0,1,3,1,2,0,2,0,0,0,4,1,3,1,0,0,1,1,0
851,3,0,0,1,4,0,0,1,0,0,0,3,0,0,1,1,0,0,3,1,2,4,0,0,0,1
852,0,0,2,0,1,3,1,2,0,1,2,0,6,1,0,0,0,0,0,0,1,2,0,2,1,0
853,2,0,0,1,0,0,0,0,7,0,0,2,0,0,1,3,1,0,2,0,1,1,3,0,1,0
854,1,1,1,1,1,0,1,1,3,0,1,1,2,3,1,2,0,0,1,0,0,2,0,1,0,1
855,3,0,5,1,1,1,0,0,0,0,1,0,0,0,3,7,0,0,0,1,1,0,0,0,0,1
856,0,0,1,0,1,0,0,2,4,1,1,2,0,0,0,6,0,2,0,0,2,0,1,1,0,1
857,0,0,1,2,4,3,0,1,0,0,1,0,4,0,0,1,3,1,0,1,0,0,1,1,1,0
858,1,2,0,0,1,0,1,3,2,0,2,0,0,0,0,5,2,0,0,2,0,0,2,1,0,1
859,2,0,0,2,2,2,0,0,1,3,0,0,0,0,1,0,1,0,0,2,2,5,0,1,0,1
860,1,1,0,2,1,0,2,0,3,2,0,0,2,0,0,4,0,2,0,1,1,2,0,0,0,1
861,0,2,0,1,0,0,2,0,5,2,0,0,0,6,2,0,0,2,0,1,1,0,0,0,1,0
862,1,0,1,0,2,3,2,2,0,0,0,1,0,0,0,4,1,0,0,0,2,1,2,2,0,1
863,0,1,0,1,0,0,3,0,3,3,1,0,1,4,1,0,0,0,0,2,1,3,0,0,0,1
864,2,4,0,0,0,0,0,0,0,2,2,2,4,1,1,1,1,0,1,0,2,0,0,1,0,1
865,2,0,1,0,1,0,2,0,0,2,3,1,1,1,0,0,0,1,0,6,0,1,2,0,1,0
866,4,0,0,2,0,0,0,0,1,2,0,3,3,0,0,1,0,0,0,4,1,3,0,0,1,0
867,0,1,0,0,3,0,0,0,2,3,1,2,1,0,2,3,1,2,0,0,2,1,0,0,1,0
868,0,0,0,1,0,3,3,1,1,0,3,0,1,1,0,1,1,3,1,1,1,2,0,0,0,1
869,0,1,0,1,0,0,1,0,0,1,1,7,1,0,0,1,2,0,0,0,1,5,0,2,0,1
870,4,3,0,1,2,0,1,0,1,0,0,0,0,0,1,9,0,0,1,0,1,0,0,0,1,0
871,0,2,2,3,1,0,1,0,1,1,0,1,0,0,3,4,0,0,0,0,3,1,0,1,0,1
872,0,0,1,1,0,0,0,0,9,1,0,0,1,4,0,0,0,0,0,1,2,2,1,1,1,0
873,4,1,1,1,1,1,0,0,0,0,1,2,3,0,0,1,1,0,0,1,3,0,3,0,1,0
874,2,2,1,0,2,1,0,2,0,0,2,0,1,0,4,0,0,0,1,2,3,0,1,0,0,1
875,1,0,0,0,1,6,0,1,1,2,0,0,0,8,0,0,0,0,0,0,1,3,0,0,0,1
876,2,2,2,1,0,3,0,0,0,0,0,2,2,1,0,1,2,2,0,0,2,2,0,0,0,1
877,0,0,0,0,0,0,1,4,0,3,4,0,1,0,0,0,3,1,0,1,0,1,0,5,1,0
878,3,1,1,0,1,0,1,1,0,1,2,1,1,1,0,0,0,0,2,2,4,1,1,0,0,1
879,1,1,0,0,1,1,1,0,4,1,2,0,0,1,0,0,0,5,0,1,1,1,2,1,0,1
880,2,0,0,2,0,4,1,0,2,1,0,0,1,0,0,0,2,0,1,0,0,4,0,4,0,1
881,1,0,2,1,1,0,5,0,0,0,1,1,1,1,0,1,7,0,1,0,0,0,1,0,1,0
882,2,0,3,0,1,0,0,0,3,0,1,2,1,0,7,1,2,0,1,0,0,0,0,0,1,0
883,1,0,1,1,1,3,1,1,1,1,1,0,2,1,3,0,0,2,0,1,1,1,0,1,0,1
884,0,0,1,0,2,1,0,2,1,1,3,1,2,0,3,0,0,0,1,1,0,5,0,0,1,0
885,0,3,0,0,1,2,0,1,1,4,0,0,4,1,2,0,2,0,0,0,0,2,0,1,0,1
886,0,0,1,0,0,1,1,2,1,1,3,2,0,1,3,0,0,0,1,1,3,0,0,3,0,1
887,0,0,1,1,1,1,3,1,1,0,2,1,2,1,1,1,0,2,0,0,1,1,0,3,0,1
888,1,0,2,0,2,0,0,1,0,0,2,4,0,1,5,1,1,1,1,1,0,0,0,1,0,1
889,1,3,0,0,0,3,0,0,3,0,2,0,5,1,1,0,0,0,1,1,1,0,2,0,0,1
890,1,2,0,1,3,0,1,2,0,2,0,0,0,2,0,0,2,0,0,2,3,0,0,3,1,0
891,0,0,1,1,1,2,0,1,1,2,2,1,2,1,2,3,0,0,1,0,2,0,1,0,0,1
892,2,1,1,1,0,1,1,0,0,2,1,2,0,1,0,2,1,0,3,2,2,1,0,0,0,1
893,1,0,0,5,0,0,1,1,2,1,0,1,0,3,0,0,1,0,0,0,4,4,0,0,0,1
894,0,3,0,1,1,0,2,2,2,0,1,0,2,4,0,0,2,0,1,0,2,1,0,0,0,1
895,2,0,1,2,0,0,2,2,1,1,0,1,4,1,1,0,0,1,0,1,2,0,0,2,0,1
896,1,1,1,2,4,1,1,1,0,0,0,0,1,0,4,1,0,1,2,1,0,2,0,0,1,0
897,1,0,2,0,1,0,0,2,1,0,5,0,0,0,1,1,3,1,0,0,2,1,0,3,1,0
898,0,0,0,0,1,5,0,0,1,1,2,2,3,0,0,0,3,1,0,1,0,4,0,0,1,0
899,0,1,0,4,0,4,0,1,0,1,1,0,0,0,4,2,0,0,0,0,0,2,1,3,0,1
900,2,0,1,0,2,0,4,0,0,0,2,1,0,5,1,0,0,1,2,0,1,1,1,0,0,1
901,0,1,0,0,3,0,2,0,1,1,1,3,1,0,0,2,0,1,1,2,3,2,0,0,0,1
902,1,4,0,3,1,3,0,0,0,0,0,0,2,1,1,1,4,0,1,0,2,0,0,0,0,1
903,0,0,4,3,1,0,1,2,0,0,0,1,0,0,1,0,0,1,0,1,5,1,3,0,1,0
904,2,1,0,0,0,2,4,0,0,0,1,2,2,3,2,0,0,0,2,1,0,1,0,1,1,0
905,0,3,0,0,0,0,0,0,0,4,2,3,0,3,0,2,2,3,2,0,0,0,0,0,0,1
906,1,0,2,3,1,0,1,0,0,1,2,1,0,0,0,0,0,1,2,0,0,1,8,0,0,1
907,1,3,1,0,0,0,0,1,5,0,0,1,3,0,0,0,1,1,2,1,0,2,0,2,1,0
908,2,0,4,0,1,0,0,1,1,0,3,0,3,0,3,0,0,0,0,2,1,0,0,3,0,1
909,0,0,1,0,4,3,0,1,2,0,0,1,0,2,0,2,1,3,0,1,1,2,0,0,0,1
910,1,0,2,0,1,4,0,0,1,0,2,1,0,1,0,0,2,1,0,0,0,6,1,1,1,0
911,0,0,3,0,2,1,0,0,0,0,5,1,0,0,1,2,0,0,2,3,2,0,1,1,0,1
912,0,3,1,2,0,2,0,2,2,0,0,0,1,0,0,2,0,2,0,0,0,1,1,5,0,1
913,5,0,0,0,2,1,0,1,0,1,0,2,0,2,1,1,2,1,1,0,3,1,0,0,1,0
914,0,1,2,2,0,0,0,0,0,1,0,6,0,2,1,0,1,1,3,2,1,0,1,0,1,0
915,2,0,2,0,0,0,0,0,0,5,3,0,2,1,0,2,1,0,1,1,3,0,0,1,0,1
916,0,1,0,0,2,0,0,0,0,8,0,1,0,1,0,1,0,1,0,1,0,1,2,5,1,0
917,2,1,0,0,4,0,2,2,0,0,0,1,0,0,2,0,0,0,1,5,1,0,1,2,0,1
918,1,5,1,0,0,2,1,0,1,1,0,0,1,0,2,1,2,2,3,0,0,0,0,1,0,1
919,3,0,0,1,0,0,2,0,1,1,3,1,0,1,0,2,0,0,2,3,1,0,0,3,0,1
920,0,0,0,0,0,1,7,1,0,1,1,1,2,0,0,0,1,2,0,1,0,0,6,0,1,0
921,0,3,2,0,2,2,0,1,0,0,2,0,0,4,0,2,0,0,0,3,1,2,0,0,0,1
922,2,0,1,0,0,2,1,3,2,1,0,0,0,2,0,0,1,0,1,0,0,2,5,1,1,0
923,1,1,2,3,0,0,0,0,3,0,0,2,2,0,0,3,0,0,4,1,0,0,0,2,0,1
924,1,1,1,0,4,0,1,1,1,0,0,2,0,0,0,1,0,1,0,4,2,2,1,1,0,1
925,2,0,2,1,2,0,0,1,0,2,1,1,0,4,2,0,1,1,0,2,0,1,0,1,1,0
926,3,0,0,1,4,1,1,2,0,0,0,0,1,1,1,0,1,2,0,4,1,0,1,0,0,1
927,4,0,1,0,1,1,2,0,0,1,2,0,2,1,1,0,1,3,2,0,0,0,2,0,0,1
928,3,1,2,1,0,0,0,0,0,0,0,5,1,1,0,0,3,0,1,2,0,1,1,2,1,0
929,0,2,2,0,0,0,2,1,0,1,3,1,0,0,0,0,0,2,5,0,1,1,1,2,0,1
930,1,0,1,0,1,3,0,2,0,1,2,1,1,1,0,1,0,1,3,2,1,0,1,1,1,0
931,0,0,0,3,0,1,0,3,0,0,1,4,3,0,1,2,0,0,3,0,0,3,0,0,0,1
932,0,1,0,1,1,0,0,0,2,3,2,2,1,3,0,0,0,0,3,1,0,4,0,0,0,1
933,1,2,4,0,1,0,2,0,1,0,0,1,1,0,1,3,1,1,0,0,0,1,4,0,0,1
934,2,1,3,0,3,0,1,0,0,0,1,1,0,1,0,0,5,0,1,1,2,0,1,1,1,0
935,3,1,1,2,1,1,3,0,0,0,0,0,1,1,1,0,2,4,1,1,1,0,0,0,1,0
936,0,0,2,0,5,0,2,0,3,0,0,0,1,0,0,0,0,3,0,2,0,0,5,1,0,1
937,4,0,3,0,0,0,0,0,2,0,0,3,1,0,0,4,1,2,0,0,1,1,1,1,0,1
938,0,0,3,7,1,1,0,0,0,0,0,0,0,3,2,0,0,1,0,1,3,0,0,2,0,1
939,2,0,0,0,2,0,1,0,4,2,0,1,1,0,1,0,5,1,0,1,0,0,2,1,0,1
940,2,0,0,0,0,2,0,1,1,2,1,3,0,0,3,0,1,1,0,0,5,2,0,0,1,0
941,1,1,1,1,0,3,2,1,1,1,0,0,0,0,1,1,3,2,2,0,0,3,0,0,1,0
942,0,0,0,0,0,3,1,2,1,1,1,3,0,0,3,0,0,2,0,0,1,0,4,2,0,1
943,2,1,0,0,0,6,0,1,2,0,0,0,0,4,3,0,0,0,0,0,3,1,0,1,1,0
944,0,0,0,1,0,2,2,4,1,0,1,1,1,0,0,2,0,0,2,0,4,0,2,1,1,0
945,0,4,0,0,0,3,0,1,0,0,4,0,1,0,0,0,0,0,3,1,1,1,4,1,1,0
946,1,0,1,0,1,4,1,0,1,0,1,2,0,1,0,0,2,0,4,0,0,3,2,0,1,0
947,1,0,0,1,2,1,1,1,3,1,1,0,3,4,0,0,1,0,2,1,0,1,0,0,0,1
948,2,2,1,1,1,0,0,0,2,0,2,1,1,0,0,3,0,0,3,0,0,0,5,0,1,0
949,2,2,1,1,3,0,0,2,1,0,0,0,0,1,1,0,0,1,1,2,1,2,2,1,0,1
950,0,6,0,2,0,0,1,1,0,0,1,1,0,2,1,1,0,1,1,1,1,0,0,4,0,1
951,1,1,1,1,1,0,2,0,2,1,2,0,1,0,2,0,1,1,4,1,0,1,0,1,0,1
952,0,2,0,1,0,0,2,0,2,5,0,0,2,0,1,3,1,0,1,3,0,0,0,1,0,1
953,5,0,2,0,0,0,0,0,2,2,0,1,1,5,1,0,2,1,0,1,0,0,0,1,0,1
954,0,2,0,1,0,0,1,0,3,2,3,0,1,1,1,3,0,1,0,2,3,0,0,0,0,1
955,1,0,2,4,1,0,0,1,1,0,0,2,0,0,4,3,1,0,0,0,2,0,2,0,1,0
956,0,0,1,0,3,0,3,1,0,2,2,0,2,0,1,0,3,0,0,2,1,2,0,1,0,1
957,0,2,1,2,4,1,0,2,0,0,0,0,1,0,0,2,0,0,2,1,5,1,0,0,1,0
958,1,4,0,1,0,1,1,1,1,0,0,2,0,1,1,5,0,1,0,0,0,2,0,2,1,0
959,1,2,2,2,0,1,1,0,0,0,0,3,1,0,1,1,1,1,0,1,0,4,1,1,1,0
960,2,1,0,4,1,0,1,1,2,0,0,0,1,2,1,0,2,3,0,1,1,0,0,1,1,0
961,2,2,2,0,1,1,1,1,2,0,0,0,0,0,0,0,0,3,1,5,0,0,1,2,1,0
962,1,2,0,0,2,5,0,0,1,0,1,0,1,0,0,1,1,1,3,1,0,2,2,0,0,1
963,0,0,1,2,2,2,0,1,1,0,1,2,1,0,1,5,2,0,1,2,0,0,0,0,1,0
964,0,0,2,0,4,0,2,0,1,0,2,1,2,1,0,4,4,0,0,0,0,1,0,0,1,0
965,0,2,1,1,4,0,0,1,1,2,0,0,2,0,0,0,2,0,1,1,0,0,3,3,1,0
966,0,0,0,3,0,1,1,1,3,3,0,0,3,0,1,0,0,3,0,2,0,1,2,0,1,0
967,1,1,1,1,0,0,0,0,0,3,4,1,3,1,0,1,1,2,1,0,0,0,2,1,0,1
968,2,0,0,2,0,0,0,4,2,1,0,1,0,1,0,0,2,2,1,0,1,1,4,0,1,0
969,0,1,1,1,5,2,0,0,1,1,0,0,1,1,0,0,0,5,0,2,1,1,0,1,1,0
970,0,2,2,0,0,1,2,2,2,0,0,1,0,0,0,0,1,0,1,5,1,1,3,0,1,0
971,2,1,0,1,0,0,1,0,0,0,5,2,0,1,0,0,0,0,2,1,1,0,4,3,1,0
972,2,0,6,0,0,1,0,0,1,0,2,0,0,1,0,3,3,0,0,0,0,3,1,1,0,1
973,3,1,0,1,1,1,0,0,1,0,2,2,0,1,1,0,1,0,3,0,1,2,2,1,1,0
974,1,0,4,2,1,0,1,1,0,0,2,0,0,1,2,0,1,2,0,0,1,0,5,0,1,0
975,0,1,1,0,1,3,1,0,3,2,0,0,0,0,1,0,0,2,1,2,5,0,0,1,0,1
976,2,2,1,0,0,0,0,2,1,1,0,3,2,1,0,2,2,0,2,0,0,2,1,0,1,0
977,1,0,0,1,0,4,1,2,3,0,0,0,2,0,2,0,0,0,5,1,0,1,0,1,1,0
978,2,1,0,0,2,3,0,3,1,0,0,0,0,1,0,0,2,0,1,1,3,1,2,1,0,1
979,0,4,0,1,0,4,0,2,1,0,0,0,1,0,4,2,2,0,0,2,1,0,0,0,1,0
980,0,0,0,1,0,1,2,1,1,4,1,1,2,0,1,0,2,1,0,0,3,0,0,3,1,0
981,3,0,2,2,1,0,1,1,0,0,1,1,0,1,0,0,1,0,6,1,2,0,1,0,1,0
982,1,0,3,3,1,0,1,0,0,0,0,3,0,2,0,0,2,1,1,0,1,0,1,4,0,1
983,1,9,0,0,1,0,0,0,0,0,1,0,0,0,0,0,4,2,3,0,1,1,1,0,0,1
984,2,1,1,1,0,0,0,1,0,0,6,0,0,0,8,1,2,0,1,0,0,0,0,0,0,1
985,1,0,0,0,0,0,2,1,4,3,0,1,0,0,1,0,4,1,4,0,1,1,0,0,1,0
986,1,1,0,5,0,1,2,0,2,0,0,0,1,2,0,0,3,0,0,0,2,0,1,3,0,1
987,0,0,0,0,0,2,0,5,0,4,1,0,1,5,2,1,2,0,0,0,0,1,0,0,0,1
988,0,0,1,0,1,4,0,1,3,0,1,1,1,0,3,0,0,2,2,2,0,0,1,1,1,0
989,0,0,0,6,0,0,2,1,0,0,0,3,2,0,0,1,0,1,2,0,4,0,1,1,0,1
990,1,6,0,1,2,0,1,0,0,0,1,0,0,1,6,1,4,0,0,0,0,0,0,0,1,0
991,1,0,1,2,0,2,1,1,0,0,0,4,1,2,1,0,0,2,0,2,0,0,0,4,0,1
992,1,0,0,4,3,1,1,0,1,1,0,0,0,0,0,0,2,2,1,1,1,2,1,2,1,0
993,1,4,0,3,3,0,0,0,0,0,1,0,1,1,1,0,3,1,2,2,0,1,0,0,1,0
994,1,0,0,0,0,0,3,1,2,5,0,0,0,0,0,2,3,0,1,0,2,2,2,0,0,1
995,0,0,0,0,1,4,0,0,0,0,0,7,1,0,2,0,0,2,2,2,2,0,0,1,0,1
996,0,2,0,3,0,0,3,0,1,0,3,0,4,2,0,0,1,1,2,0,0,2,0,0,1,0
997,4,0,1,0,1,1,1,0,0,1,1,2,1,2,2,0,0,0,2,2,1,2,0,0,0,1
998,0,0,1,2,0,3,2,0,0,1,0,3,0,1,0,4,0,0,0,0,1,1,3,2,0,1
999,0,0,0,0,1,1,4,1,0,4,1,0,0,0,0,1,1,0,4,0,3,0,3,0,1,0
1000,1,0,3,1,1,1,0,1,0,0,0,4,0,3,0,0,0,0,0,3,5,1,0,0,1,0
